Partida,Barruko kodea,Deskribapena,Urtea,Hasierako aurr.,Onart. Oblig.
1 02.601.02.150.10 2008 (5119),5119,SANTA BARBARA HARROBIA-BIRGAITZEA,2008,0.0,11538.56
1 02.226.96.231.02 2014 (4924),4924,H.GASTU:INMIGRAZIOA,2014,0.0,0.0
1 02.226.99.231.00 2014 (5077),5077,H.GASTU:BERDINTASUNA,2014,0.0,0.0
1 02.227.07.170.00 2014 (4943),4943,AZTERKETAK:INGURUGIROA,2014,0.0,0.0
1 02.601.01.150.10 2014 (4970),4970,LATSUNBE-URBIETA-IGOGAILUA,2014,0.0,4383.85
1 02.622.01.342.00 2014 (4972),4972,KIROLDEGIA-ALDAGELAK-FASE I,2014,0.0,120680.35
1 02.623.99.334.00 2014 (4977),4977,KULTURETXEA-SEKTORIZAZIOA,2014,0.0,8834.88
1 02.624.01.132.00 2014 (4978),4978,IBILGAILUA-UDALTZAINGOA,2014,0.0,21902.82
1 02.629.01.341.00 2014 (4980),4980,KIROL SAILA-INBERTSIOAK,2014,0.0,0.0
1 02.643.01.150.10 2014 (4981),4981,PROIEKTUAK: HIRIGINTZA,2014,0.0,0.0
1 02.644.01.920.20 2014 (4983),4983,APLIKAZIO INFORMATIKOAK,2014,0.0,0.0
1 02.681.01.931.00 2014 (4985),4985,LURZORU EROSKETA,2014,0.0,10000.0
1 05.210.01.153.70 2014 (4987),4987,MANTEN:LANDA BIDEAK,2014,0.0,1055.94
1 02.211.01.342.00 2015 (4908),4908,MANTEN:KIROLDEGIA,2015,0.0,0.0
1 02.215.01.920.20 2015 (4910),4910,MANT:EKIPO INFORMATIKOA,2015,0.0,1494.67
1 02.221.05.920.10 2015 (4911),4911,ARROPAK,2015,0.0,1103.52
1 02.221.14.342.00 2015 (4912),4912,KIROL MATERIALA,2015,0.0,3535.42
1 02.226.03.334.00 2015 (4913),4913,PUBLIZITATEA: KULTURA ZERBITZUA,2015,0.0,0.0
1 02.226.06.231.03 2015 (4915),4915,GAZTERIA PROIEKTUAK,2015,0.0,5372.4
1 02.226.06.323.00 2015 (4916),4916,KULTUR EKINTZAK:IKASTETXEAK,2015,0.0,3327.91
1 02.226.06.335.00 2015 (4918),4918,EKINTZA-KANPAINA:EUSKARA ZERBITZUA,2015,0.0,1936.0
1 02.226.96.170.10 2015 (4922),4922,ESKOLAKO AGENDA 21,2015,0.0,0.0
1 02.226.96.231.02 2015 (4925),4925,BESTE PROGR.INMIGRAZIOA,2015,0.0,1920.0
1 02.226.97.231.00 2015 (4926),4926,BESTE PROGR.BERDINTASUNA,2015,0.0,9270.62
1 02.226.99.432.00 2015 (4938),4938,MATERIALA.BESTE. TURISMOA,2015,0.0,3599.02
1 02.226.99.920.11 2015 (4940),4940,MATERIALA.SEGURT.OSASUNA,2015,0.0,2994.75
1 02.227.04.323.20 2015 (4941),4941,INGURUGIRO HEZKUNTZAKO KONTRATUA,2015,0.0,0.0
1 02.227.07.170.00 2015 (4944),4944,AZTERKETAK:INGURUGIROA,2015,0.0,16000.0
1 02.227.07.323.00 2015 (4945),4945,HEZKUNTZA PROIEKTUAK,2015,0.0,24244.8
1 02.227.07.335.00 2015 (4946),4946,AZTERKETAK:EUSKARA ZERBITZUA,2015,0.0,1300.0
1 02.227.98.231.00 2015 (5054),5054,PROG.EMAKUMEEN INDARKERIA:BERDINTASUNA,2015,0.0,9880.2
1 02.227.99.920.00 2015 (4952),4952,HAINB.KONTRATU ADMIN.OROKORRA,2015,0.0,0.0
1 02.480.01.230.02 2015 (4956),4956,DIRULAG:SAHARAKO KANPAM.,2015,0.0,640.0
1 02.481.01.241.00 2015 (4957),4957,BERRIAK ELKARTEA-HITZARMENA,2015,0.0,5600.0
1 02.481.01.323.00 2015 (4958),4958,DIRULAG:IKASTETXEAK KANPOKO EKINTZ,2015,0.0,3603.0
1 02.481.01.912.00 2015 (4963),4963,DIRULAGUNTZAK:GOBERNU ORGANOAK,2015,0.0,7254.9
1 02.481.02.230.02 2015 (4965),4965,TRANSFERENTZIA: HIRUGARREN MUNDUA,2015,0.0,146300.0
1 02.481.02.231.03 2015 (4966),4966,ALOKAIRU DIRULAG-GAZTERIA,2015,0.0,73784.6
1 02.481.02.334.10 2015 (4967),4967,DIRULAG:AUZO ELKARTEAK,2015,0.0,3223.36
1 02.481.02.335.00 2015 (4968),4968,DIRULAG.:EUSKARA (ZUZENAK),2015,0.0,34277.15
1 02.481.03.912.00 2015 (4969),4969,DIRULAG.FIARE-ETXEGABETZE EGOERAK,2015,0.0,30000.0
1 02.481.05.924.00 2015 (5105),5105,AUZOLAN PROGRAMAK,2015,0.0,0.0
1 02.601.01.150.10 2015 (4971),4971,ELORRABIKOA ZUBIA,2015,0.0,0.0
1 02.601.02.150.10 2015 (5118),5118,URBANIZAZIO EJEKUZIO DIFERITUAK-2015,2015,0.0,0.0
1 02.601.11.150.10 2015 (5080),5080,ETXEBERRI URBANIZAZIOA-1 FASEA,2015,0.0,12680.8
1 02.601.12.150.10 2015 (5106),5106,KARABEL URBANIZAZIOA-UHOLDEAK HITZARMENA,2015,0.0,264642.73
1 02.622.01.342.00 2015 (4973),4973,KIROLDEGIA-ALDAGELAK-FASE I,2015,0.0,19584.68
1 02.622.01.342.01 2015 (4974),4974,INBERTSIOAK.AISIALDI IGERILEKUAK,2015,0.0,12393.57
1 02.622.01.342.09 2015 (4975),4975,ATLETISMO PISTA,2015,0.0,2986.03
1 02.623.02.342.00 2015 (4976),4976,INBERTSIOAK.KIROLA-PARTEHARTZE PROZESUA,2015,0.0,6317.95
1 02.629.01.334.00 2015 (4979),4979,KULTURA-INBERTSIOAK,2015,0.0,0.0
1 02.643.01.150.10 2015 (4982),4982,PROIEKTUAK: HIRIGINTZA,2015,0.0,29375.17
1 02.644.01.920.20 2015 (4984),4984,APLIKAZIO INFORMATIKOAK,2015,0.0,13721.4
1 05.210.01.153.20 2015 (4986),4986,MANTEN:HERRIKO KALEAK,2015,0.0,13383.64
1 05.210.01.161.00 2015 (4989),4989,MANTEN:URAK,2015,0.0,0.0
1 05.210.01.165.00 2015 (4990),4990,MANTEN:KALEKO ARGIKUNTZA,2015,0.0,2533.44
1 05.210.01.171.00 2015 (4991),4991,MANTEN:PARKEAK ETA LORATEGIAK,2015,0.0,5239.3
1 05.210.01.414.00 2015 (4992),4992,MANT:INGURUNEAREN HOBEKUNTZA,2015,0.0,0.0
1 05.211.01.323.10 2015 (4993),4993,MANTEN.ERAIKINAK:IKASTETXEAK,2015,0.0,226.48
1 05.226.99.135.00 2015 (5005),5005,MATERIALA.BABES ZIBILA,2015,0.0,3737.26
1 05.226.99.162.10 2015 (5007),5007,MATERIALA.HONDAKINEN KUDEAKETA,2015,0.0,0.0
1 05.227.01.920.02 2015 (5010),5010,GARBITZEKO KONT:UDAL ERAIKINAK,2015,0.0,2081.2
1 05.227.98.153.50 2015 (5011),5011,KARTOGRAFIEN MANTENTZE KONTRATUA,2015,0.0,2178.0
1 05.601.01.153.20 2015 (5019),5019,AZPIEGITURA ETA URBANIZ.:HERRIKO KALEAK,2015,0.0,19830.23
1 05.601.01.153.70 2015 (5020),5020,LANDA BIDEAK-NEGUKO PLANA,2015,0.0,60427.39
1 05.609.01.134.00 2015 (5021),5021,IRISGARRITASUN PLANA,2015,0.0,3294.83
1 05.609.01.153.30 2015 (5107),5107,URBANIZAZIOA: BESTE GUNEAK,2015,0.0,0.0
1 05.609.02.153.30 2015 (5108),5108,HAUR PARKEA-ATLETISMO PISTA,2015,0.0,0.0
1 05.622.01.311.01 2015 (5024),5024,KOMUN PUBLIKOAK,2015,0.0,0.0
1 05.622.01.323.10 2015 (5025),5025,IKASTETXEAK-ERAIKUNTZA OBRAK,2015,0.0,300039.35
1 05.623.01.153.30 2015 (5109),5109,MAKINARIA.HERRIKO KALEAK,2015,0.0,31115.15
1 05.623.02.161.00 2015 (5028),5028,UR HORNIDURA-ORIAMENDI DEPOSITOA,2015,0.0,2400.0
1 05.625.99.162.10 2015 (5032),5032,KONPOST KOMUNITARIOA EGITEKO MATERIALA,2015,0.0,26380.29
1 01.100.01.912.00 2016 (4245),4245,SOLDATAK.GOBERNU ORGANOAK,2016,128516.0,144370.68
1 01.110.01.912.00 2016 (4246),4246,ALDIBATERAKOAK.SOLDATAK.GOBERNU ORGANOAK,2016,98452.0,87971.52
1 01.120.01.132.00 2016 (4247),4247,FUNTZIONARIOAK.SOLDATA.OINARRIA.UDALTZAI,2016,370247.0,303430.68
1 01.120.01.150.00 2016 (4248),4248,FUNTZIONARIOAK.SOLDATA.OINARRIA.HIRIGINT,2016,103242.0,67074.83
1 01.120.01.153.40 2016 (4249),4249,FUNTZIONARIOAK.SOLDATA.OINARRIA.OBRETAKO,2016,161149.0,107429.15
1 01.120.01.153.50 2016 (4250),4250,FUNTZIONARIOAK.SOLDATA.OINARRIA.ZERBITZU,2016,29050.0,32126.18
1 01.120.01.161.00 2016 (4251),4251,FUNTZIONARIOAK.SOLDATA.OINARRIA.UR HORNI,2016,31475.0,25909.0
1 01.120.01.164.00 2016 (4252),4252,FUNTZIONARIOAK.SOLDATA.OINARRIA.HILERRIA,2016,8206.0,11303.26
1 01.120.01.165.00 2016 (4253),4253,FUNTZIONARIOAK.SOLDATA.OINARRIA.KALEKO A,2016,37604.0,46302.42
1 01.120.01.170.00 2016 (4254),4254,FUNTZIONARIOAK.SOLDATA.OINARRIA.INGURUGI,2016,37506.0,38101.39
1 01.120.01.171.00 2016 (4255),4255,FUNTZIONARIOAK.SOLDATA.OINARRIA.PARKEAK,2016,15299.0,12832.28
1 01.120.01.230.02 2016 (4256),4256,FUNTZIONARIOAK.SOLDATA.OINARRIA.LANKIDET,2016,2143.0,687.87
1 01.120.01.231.00 2016 (4257),4257,FUNTZIONARIOAK.SOLDATA.OINARRIA.BERDINTA,2016,41338.0,44095.73
1 01.120.01.231.03 2016 (4867),4867,FUNTZIONARIOA.SOLDATA.OINARRIA. GAZTERIA,2016,14243.0,14935.5
1 01.120.01.241.00 2016 (4258),4258,FUNTZIONARIOA.SOLDATA.OINARRIA. TOKI GAR,2016,50482.0,51113.51
1 01.120.01.323.00 2016 (4259),4259,FUNTZIONARIOA.SOLDATA.OINARRIA.IKASTETXE,2016,43024.0,39730.44
1 01.120.01.326.01 2016 (4261),4261,FUNTZIONARIOA.SOLDATA.OINARRIA.MUSIKA ES,2016,220277.0,220966.96
1 01.120.01.330.00 2016 (4262),4262,FUNTZIONARIOA.SOLDATA.OINARRIA.KULTURA Z,2016,28085.0,29466.76
1 01.120.01.332.10 2016 (4263),4263,FUNTZIONARIOA.SOLDATA.OINARRIA.LIBURUTEG,2016,82997.0,82780.87
1 01.120.01.333.00 2016 (4264),4264,FUNTZIONARIOA.SOLDATA.OINARRIA.KULTUR ET,2016,22726.0,22375.45
1 01.120.01.335.00 2016 (4265),4265,FUNTZIONARIOA.SOLDATA.OINARRIA.EUSKARA Z,2016,53138.0,61751.33
1 01.120.01.335.10 2016 (4266),4266,FUNTZIONARIOA.SOLDATA.OINARRIA.EUSKALTEG,2016,135346.0,140043.24
1 01.120.01.335.30 2016 (4267),4267,FUNTZIONARIOA.SOLDATA.OINARRIA.EUSKARA P,2016,38056.0,29995.04
1 01.120.01.335.40 2016 (4268),4268,FUNTZIONARIOAK.ORDAINKETA.OINARRIZKOA.UD,2016,0.0,54394.38
1 01.120.01.342.00 2016 (4269),4269,FUNTZIONARIOAK.SOLDATA.OINARRIA.KIROLDEG,2016,168110.0,173969.77
1 01.120.01.342.01 2016 (4270),4270,FUNTZIONARIOA.SOLDATA.OINARRIA.IGERILEKU,2016,7755.0,3976.77
1 01.120.01.414.00 2016 (4271),4271,FUNTZIONARIOA.SOLDATA.OINARRIA.INGURUNEA,2016,10492.0,10600.9
1 01.120.01.432.00 2016 (4272),4272,FUNTZIONARIOA.SOLDATA.OINARRIA.TURISMOA,2016,17661.0,17669.81
1 01.120.01.912.00 2016 (5129),5129,FUNTZIONARIOA.SOLDATA.OINARRIA.GOBERNU O,2016,0.0,3145.82
1 01.120.01.920.00 2016 (4273),4273,FUNTZIONARIOA.SOLDATA.OINARRIA.ADMINISTR,2016,124903.0,126809.25
1 01.120.01.920.10 2016 (4274),4274,FUNTZIONARIOA.SOLDATA.OINARRIA.PERTSONAL,2016,47214.0,70203.4
1 01.120.01.920.11 2016 (4275),4275,FUNTZIONARIOA.SOLDATA.OINARRIA.SEGURTASU,2016,19028.0,12585.12
1 01.120.01.920.20 2016 (4276),4276,FUNTZIONARIOA.SOLDATA.OINARRIA.INFORMATI,2016,29209.0,29130.74
1 01.120.01.920.30 2016 (4277),4277,FUNTZIONARIOA.SOLDATA.OINARRIA.ARTXIBOA,2016,34158.0,19021.35
1 01.120.01.929.10 2016 (4278),4278,FUNTZIONARIOA.SOLDATA.OINARRIA.BAKE EPAI,2016,3763.0,2940.17
1 01.120.01.931.00 2016 (4279),4279,FUNTZIONARIOA.SOLDATA.OINARRIA.ADMINIST.,2016,119919.0,132103.37
1 01.120.01.932.00 2016 (4280),4280,FUNTZIONARIOA.SOLDATA.OINARRIA.BILKETA,2016,81624.0,67168.37
1 01.120.01.933.00 2016 (4281),4281,FUNTZIONARIOA.SOLDATA.OINARRIA.ONDAREA-K,2016,34975.0,32986.0
1 01.120.02.920.10 2016 (4868),4868,LANPOSTUEN AZTERKETA.SOLDATAK,2016,300000.0,0.0
1 01.121.06.920.10 2016 (4282),4282,LANGILEEN ORDEZKAPENETARAKO POLTSA,2016,141400.0,0.0
1 01.121.99.132.00 2016 (4283),4283,FUNTZIONARIOAK.SOLDATA.OSAGARRIA.UDALTZA,2016,689541.0,747707.11
1 01.121.99.150.00 2016 (4284),4284,FUNTZIONARIOA.SOLDATA.OSAGARRIA.HIRIGINT,2016,150437.0,114213.15
1 01.121.99.153.40 2016 (4285),4285,FUNTZIONARIOA.SOLDATA.OSAGARRIA.OBRETAKO,2016,256651.0,227336.26
1 01.121.99.153.50 2016 (4286),4286,FUNTZIONARIOA.SOLDATA.OSAGARRIA.ZERBITZU,2016,40053.0,67221.05
1 01.121.99.161.00 2016 (4287),4287,FUNTZIONARIOA.SOLDATA.OSAGARRIA.UR HORNI,2016,59811.0,51197.47
1 01.121.99.164.00 2016 (4288),4288,FUNTZIONARIOA.SOLDATA.OSAGARRIA.HILERRIA,2016,18857.0,28670.84
1 01.121.99.165.00 2016 (4289),4289,FUNTZIONARIOA.SOLDATA.OSAGARRIA.KALEKO A,2016,75935.0,100694.96
1 01.121.99.170.00 2016 (4290),4290,FUNTZIONARIOA.SOLDATA.OSAGARRIA.INGURUGI,2016,39761.0,40437.55
1 01.121.99.171.00 2016 (4291),4291,FUNTZIONARIOA.SOLDATA.OSAGARRIA.PARKEAK,2016,18711.0,17114.92
1 01.121.99.230.02 2016 (4292),4292,FUNTZIONARIOA.SOLDATA.OSAGARRIA.LANKIDET,2016,496.0,2144.57
1 01.121.99.231.00 2016 (4293),4293,FUNTZIONARIOA.SOLDATA.OSAGARRIA.BERDINTA,2016,59729.0,60131.03
1 01.121.99.231.03 2016 (4869),4869,FUNTZIONARIOA.SOLDATA.OSAGARRIA. GAZTERI,2016,20186.0,20143.04
1 01.121.99.241.00 2016 (4294),4294,FUNTZIONARIOA.SOLDATA.OSAGARRIA.TOKI GAR,2016,75817.0,69849.05
1 01.121.99.323.00 2016 (4295),4295,FUNTZIONARIOA.SOLDATA.OSAGARRIA.IKASTETX,2016,76676.0,81364.15
1 01.121.99.326.01 2016 (4297),4297,FUNTZIONARIOA.SOLDATA.OSAGARRIA.MUSIKA E,2016,244612.0,247428.65
1 01.121.99.330.00 2016 (4298),4298,FUNTZIONARIOA.SOLDATA.OSAGARRIA.KULTURA,2016,42592.0,42549.6
1 01.121.99.332.10 2016 (4299),4299,FUNTZIONARIOA.SOLDATA.OSAGARRIA.LIBURUTE,2016,86974.0,100144.67
1 01.121.99.333.00 2016 (4300),4300,FUNTZIONARIOA.SOLDATA.OSAGARRIA.KULTUR E,2016,34233.0,68508.74
1 01.121.99.335.00 2016 (4301),4301,FUNTZIONARIOA.SOLDATA.OSAGARRIA.EUSKARA,2016,58389.0,78371.85
1 01.121.99.335.10 2016 (4302),4302,FUNTZIONARIOA.SOLDATA.OSAGARRIA.EUSKALTE,2016,145154.0,160958.22
1 01.121.99.335.30 2016 (4303),4303,FUNTZIONARIOA.SOLDATA.OSAGARRIA.EUSKARA,2016,37295.0,29272.72
1 01.121.99.335.40 2016 (4304),4304,FUNTZIONARIOA.SOLDATA.OSAGARRIA.UDALEKUA,2016,71137.0,12924.48
1 01.121.99.342.00 2016 (4305),4305,FUNTZIONARIOA.SOLDATA.OSAGARRIA.KIROLDEG,2016,248614.0,255900.59
1 01.121.99.342.01 2016 (4306),4306,FUNTZIONARIOA.SOLDATA.OSAGARRIA.IGERILEK,2016,11914.0,11169.25
1 01.121.99.414.00 2016 (4307),4307,FUNTZIONARIOA.SOLDATA.OSAGARRIA.INGURUNE,2016,18711.0,19011.73
1 01.121.99.432.00 2016 (4308),4308,FUNTZIONARIOA.SOLDATA.OSAGARRIA.TURISMOA,2016,18648.0,18619.73
1 01.121.99.912.00 2016 (4309),4309,FUNTZIONARIOA.SOLDATA.OSAGARRIA.GOBERNU,2016,7055.0,5806.39
1 01.121.99.920.00 2016 (4310),4310,FUNTZIONARIOA.SOLDATA.OSAGARRIA.ADMINIST,2016,166698.0,195988.12
1 01.121.99.920.10 2016 (4311),4311,FUNTZIONARIOA.SOLDATA.OSAGARRIA.PERTSONA,2016,67320.0,106362.32
1 01.121.99.920.11 2016 (4312),4312,FUNTZIONARIOA.SOLDATA.OSAGARRIA.LAN SEGU,2016,27006.0,33448.95
1 01.121.99.920.20 2016 (4313),4313,FUNTZIONARIOA.SOLDATA.OSAGARRIA.INFORMAT,2016,45605.0,45906.87
1 01.121.99.920.30 2016 (4314),4314,FUNTZIONARIOA.SOLDATA.OSAGARRIA.ARTXIBOA,2016,40470.0,21039.65
1 01.121.99.929.10 2016 (4315),4315,FUNTZIONARIOA.SOLDATA.OSAGARRIA.BAKE EPA,2016,4892.0,5728.52
1 01.121.99.931.00 2016 (4316),4316,FUNTZIONARIOA.SOLDATA.OSAGARRIA.ADMINIST,2016,159653.0,185190.65
1 01.121.99.932.00 2016 (4317),4317,FUNTZIONARIOA.SOLDATA.OSAGARRIA.BILKETA,2016,101986.0,88218.38
1 01.121.99.933.00 2016 (4318),4318,FUNTZIONARIOA.SOLDATA.OSAGARRIA.ONDAREA-,2016,47962.0,46261.94
1 01.130.99.323.00 2016 (4319),4319,LABORALA.SOLDATA.OSAGARRIA. IKASTETXEAK,2016,0.0,0.0
1 01.130.99.333.00 2016 (4320),4320,LABORALA.SOLDATA.OSAGARRIA.KULTUR ETXEA,2016,0.0,0.0
1 01.131.01.241.01 2016 (4321),4321,ALDIBATERAKO.SOLDATA.IKASTAROAK.,2016,38279.0,11332.0
1 01.131.01.241.02 2016 (4322),4322,ALDIBATERAKO.SOLDATA.LANBIDE PROGRAMAK,2016,27270.0,84440.23
1 01.131.01.241.03 2016 (4323),4323,ALDIBATERAKO.SOLDATA.ALDUNDIA PROGRAMAK,2016,29391.0,0.0
1 01.131.01.323.00 2016 (4324),4324,ALDIBATERAKO.SOLDATA.IKASTETXEAK,2016,0.0,0.0
1 01.131.01.324.10 2016 (4325),4325,ALDIBATERAKO.SOLDATA.HLP PROGRAMAK,2016,103172.0,102404.13
1 01.131.01.333.00 2016 (4326),4326,ALDIBATERAKO.SOLDATA.KULTUR ETXEA,2016,5140.0,0.0
1 01.131.01.335.40 2016 (5125),5125,ALDIBATERAKO. UDALEKUAK MONITOREAK,2016,0.0,2623.23
1 01.131.01.342.00 2016 (4327),4327,ALDIBATERAKO.SOLDATA.KIROLDEGIA,2016,14752.0,0.0
1 01.131.02.342.00 2016 (4328),4328,ALDIBATERAKO.SOLDATA.LAN BEREZIAK,2016,0.0,0.0
1 01.160.01.132.00 2016 (4329),4329,GIZ.SEGURANTZA.UDALTZAINGOA,2016,313172.0,243039.06
1 01.160.01.150.00 2016 (4330),4330,GIZ.SEGURANTZA.HIRIGINTZA,2016,66336.0,37678.12
1 01.160.01.153.40 2016 (4331),4331,GIZ.SEGURANTZA.OBRETAKO LANTALDEA,2016,129441.0,101120.16
1 01.160.01.153.50 2016 (4332),4332,GIZARTE SEGUR:ZERBITZU PUBLIKOAK,2016,18138.0,12801.02
1 01.160.01.161.00 2016 (4333),4333,GIZ.SEGURANTZA.UR HORNIDURA,2016,33326.0,24070.96
1 01.160.01.164.00 2016 (4334),4334,GIZARTE SEGUR:HILERRIA,2016,8617.0,8268.17
1 01.160.01.165.00 2016 (4335),4335,GIZ.SEGURANTZA.KALEKO ARGIKUNTZA,2016,38359.0,46519.23
1 01.160.01.170.00 2016 (4336),4336,GIZARTE SEGUR:INGURUGIROA,2016,20117.0,20435.08
1 01.160.01.171.00 2016 (4337),4337,GIZ.SEGURANTZA.PARKEAK ETA LORATEGIAK,2016,13245.0,10099.99
1 01.160.01.230.02 2016 (4338),4338,GIZARTE SEGUR:LANKIDETZA,2016,0.0,875.49
1 01.160.01.231.00 2016 (4339),4339,GIZARTE SEGUR:BERDINTASUNA,2016,30172.0,29502.28
1 01.160.01.231.03 2016 (4870),4870,GIZARTE SEGUR. GAZTERIA,2016,10875.0,10997.16
1 01.160.01.241.00 2016 (4340),4340,GIZARTE SEGUR:TOKI GARAPENA,2016,35953.0,32705.92
1 01.160.01.241.01 2016 (4341),4341,GIZARTE SEGURANTZA.ENPLEGU IKASTAROAK,2016,0.0,3477.76
1 01.160.01.241.02 2016 (4342),4342,GIZARTE SEGURANTZA.LANBIDE PROGRAMAK,2016,0.0,26532.68
1 01.160.01.241.03 2016 (4343),4343,GIZARTE SEGURANTZA.ALDUNDIA.PROGRAMAK,2016,0.0,0.0
1 01.160.01.323.00 2016 (4344),4344,GIZARTE SEGUR:IKASTETXEAK,2016,39401.0,44082.68
1 01.160.01.324.10 2016 (4346),4346,GIZARTE SEGUR:HLP programak,2016,30376.0,32800.38
1 01.160.01.326.01 2016 (4347),4347,GIZARTE SEGUR:MUSIKA ESKOLA,2016,133654.0,133798.77
1 01.160.01.330.00 2016 (4348),4348,GIZARTE SEGUR:KULTURA ZERBITZUA,2016,20073.0,20501.5
1 01.160.01.332.10 2016 (4349),4349,GIZARTE SEGUR:LIBURUTEGIA,2016,44188.0,41825.81
1 01.160.01.333.00 2016 (4350),4350,GIZARTE SEGUR:KULTUR ETXEA,2016,16290.0,1931.11
1 01.160.01.335.00 2016 (4351),4351,GIZARTE SEGUR:EUSKARA ZERBITZUA,2016,29232.0,32747.75
1 01.160.01.335.10 2016 (4352),4352,GIZARTE SEGUR:EUSKALTEGIA,2016,78259.0,86242.81
1 01.160.01.335.30 2016 (4353),4353,GIZARTE SEGUR:EUSKARA PLANA,2016,20098.0,16882.3
1 01.160.01.335.40 2016 (4354),4354,GIZARTE SEGUR:UDALEKUAK,2016,24016.0,21992.99
1 01.160.01.342.00 2016 (4355),4355,GIZ.SEG+OLAZ:KIROLDEGIA,2016,119204.0,114559.61
1 01.160.01.342.01 2016 (4356),4356,GIZARTE SEGUR:IGERILEKUAK,2016,4860.0,4734.04
1 01.160.01.414.00 2016 (4357),4357,GIZARTE SEGUR:INGURUNEAREN HOBEKUNTZA,2016,8347.0,7792.91
1 01.160.01.432.00 2016 (4358),4358,GIZARTE SEGUR:TURISMOA,2016,9452.0,9493.96
1 01.160.01.912.00 2016 (4359),4359,GIZARTE SEGUR:GOBERNU ORGANOAK,2016,73869.0,76163.17
1 01.160.01.920.00 2016 (4360),4360,GIZ.SEGURANTZA.ADMINISTRAZIO OROKORRA,2016,84160.0,80970.34
1 01.160.01.920.10 2016 (4361),4361,GIZ.SEGURANTZA.PERTSONALA,2016,34149.0,48059.01
1 01.160.01.920.11 2016 (4362),4362,GIZARTE SEGURANTZA.LAN SEGURTASUNA-OSASU,2016,11298.0,-1358.54
1 01.160.01.920.20 2016 (4363),4363,GIZARTE SEGUR:INFORMATIKA,2016,18933.0,20545.21
1 01.160.01.920.30 2016 (4364),4364,GIZARTE SEGUR:ARTXIBOA,2016,19176.0,10522.74
1 01.160.01.929.10 2016 (4365),4365,GIZARTE SEGUR:BAKE EPITEGIA,2016,2635.0,1403.61
1 01.160.01.931.00 2016 (4366),4366,GIZ.SEGURANTZA.ADMINISTRAZIO EKONOMIKOA,2016,74611.0,82231.44
1 01.160.01.932.00 2016 (4367),4367,GIZ.SEGURANTZA.BILKETA,2016,49670.0,39237.0
1 01.160.01.933.00 2016 (4368),4368,GIZARTE SEGUR:ONDAREA ETA KONTRATAZIOA,2016,20584.0,22531.35
1 01.160.04.132.00 2016 (4369),4369,ELKARKIDETZA:UDALTZAINGOA,2016,13914.0,13793.8
1 01.160.04.150.00 2016 (4370),4370,ELKARKIDETZA:HIRIGINTZA,2016,6604.0,3656.52
1 01.160.04.153.40 2016 (4371),4371,ELKARKIDETZA:OBRETAKO LANTALDEA,2016,5754.0,6171.62
1 01.160.04.153.50 2016 (4372),4372,ELKARKIDETA:ZERBITZU PUBLIKOAK,2016,2319.0,3407.88
1 01.160.04.161.00 2016 (4373),4373,ELKARKIDETZA:UR HORNIDURA,2016,1920.0,1492.04
1 01.160.04.164.00 2016 (4374),4374,ELKARKIDETZA:HILERRIA,2016,959.0,949.48
1 01.160.04.165.00 2016 (4375),4375,ELKARKIDETZA:KALEKO ARGIKUNTZA,2016,962.0,1356.4
1 01.160.04.170.00 2016 (4376),4376,ELKARKIDETZA:INGURUGIROA,2016,1713.0,1695.82
1 01.160.04.171.00 2016 (4377),4377,ELKARKIDETZA:PARKEAK ETA LORATEGIAK,2016,959.0,949.48
1 01.160.04.231.00 2016 (4378),4378,ELKARKIDETZA:BERDINTASUNA,2016,2558.0,2421.66
1 01.160.04.231.03 2016 (4871),4871,ELKARKIDETZA. GAZTERIA,2016,1159.0,0.0
1 01.160.04.241.00 2016 (4379),4379,ELKARKIDETZA:TOKI GARAPENA,2016,1398.0,1384.6
1 01.160.04.323.00 2016 (4380),4380,ELKARKIDETZA:IKASTETXEAK,2016,2877.0,3797.92
1 01.160.04.326.01 2016 (4382),4382,ELKARKIDETZA:MUSIKA ESKOLA,2016,10750.0,10279.92
1 01.160.04.330.00 2016 (4383),4383,ELKARKIDETZA:KULTURA ZERBITZUA,2016,0.0,0.0
1 01.160.04.332.10 2016 (4384),4384,ELKARKIDETZA:LIBURUTEGIA,2016,6275.0,6177.08
1 01.160.04.333.00 2016 (4385),4385,ELKARKIDETZA:KULTUR ETXEA,2016,1918.0,1898.96
1 01.160.04.335.00 2016 (4386),4386,ELKARKIDETZA:EUSKARA ZERBITZUA,2016,3956.0,5289.76
1 01.160.04.335.10 2016 (4387),4387,ELKARKIDETZA:EUSKALTEGIA,2016,9550.0,10036.96
1 01.160.04.335.30 2016 (4388),4388,ELKARKIDETZA:EUSKARA PLANA,2016,2797.0,2175.8
1 01.160.04.342.00 2016 (4389),4389,ELKARKIDETZA:KIROLDEGIA,2016,12518.0,11703.85
1 01.160.04.342.01 2016 (4390),4390,ELKARKIDETZA:IGERILEKUAK,2016,0.0,0.0
1 01.160.04.414.00 2016 (4391),4391,ELKARKIKETZA:INGURUNEAREN HOBEKUNTZA,2016,959.0,949.48
1 01.160.04.432.00 2016 (4392),4392,ELKARKIDETZA:TURISMOA,2016,1398.0,1384.6
1 01.160.04.912.00 2016 (4393),4393,ELKARKIDETZA: GOBERNU ORGANOAK,2016,1398.0,1384.6
1 01.160.04.920.00 2016 (4394),4394,ELKARKIDETZA:ADMINISTRAZIO OROKORRA,2016,8281.0,8138.62
1 01.160.04.920.10 2016 (4395),4395,ELKARKIDETZA:PERTSONALA,2016,2319.0,2756.44
1 01.160.04.920.11 2016 (4396),4396,ELKARKIDETZA:SEGUR.ETA OSASUNA,2016,1400.0,1384.6
1 01.160.04.920.20 2016 (4397),4397,ELKARKIDETZA:INFORMATIKA,2016,1398.0,1384.6
1 01.160.04.920.30 2016 (4398),4398,ELKARKIDETZA:ARTXIBOA,2016,1711.0,1695.82
1 01.160.04.929.10 2016 (4399),4399,ELKARKIDETZA:BAKE EPAITEGIA,2016,962.0,361.76
1 01.160.04.931.00 2016 (4400),4400,ELKARKIDETZA:ADMINISTRAZIO EKONOMIKOA,2016,4044.0,3967.74
1 01.160.04.932.00 2016 (4401),4401,ELKARKIDETZA:BILKETA,2016,6036.0,4543.84
1 01.160.04.933.00 2016 (4402),4402,ELKARKIDETZA:ONDAREA ETA KONTRATAZIOA,2016,1158.0,1135.96
1 01.160.06.920.10 2016 (4411),4411,ASISTENTZIA MEDIKU-FARMAZEUTIKOA,2016,5500.0,5506.8
1 01.161.03.920.10 2016 (4412),4412,ERRETIRO AURRERATUEN KALTE-ORDAINAK,2016,90000.0,26644.8
1 02.162.01.335.30 2016 (4413),4413,LANGILEAK EUSKALDUNTZEKO POLTSA,2016,3000.0,2955.88
1 02.162.01.920.10 2016 (4414),4414,LANGILEEN PRESTAKUNTZAKO GASTUAK,2016,10000.0,7700.78
1 02.162.05.920.10 2016 (4416),4416,BIZITZA ETA ISTRIPU ASEGURUA.PERTSONALA,2016,40000.0,40401.86
1 02.211.01.342.00 2016 (4417),4417,MANTENU OROKORRA.KIROLDEGIA,2016,80000.0,41802.58
1 02.211.01.342.01 2016 (4418),4418,MANTENU OROKORRA.KANPO IGERILEKUAK,2016,14000.0,19979.43
1 02.211.01.342.02 2016 (4419),4419,MANTENU OROKORRA.ZUBIPE ZELAIA,2016,6000.0,46655.07
1 02.211.01.342.03 2016 (4420),4420,MANTENU OROKORRA.LANDARE ZELAIA,2016,6000.0,40486.01
1 02.211.01.342.09 2016 (4421),4421,MANTENU OROKORRA.BESTE.KIROL INSTALAKUNT,2016,3000.0,2095.49
1 02.212.01.342.00 2016 (4422),4422,GIMNASIOKO MAKINA.KONPONKETA,2016,6600.0,14023.72
1 02.213.01.132.00 2016 (4423),4423,MANTENUA IBILGAILUA.UDALTZAINGOA,2016,12240.0,13660.41
1 02.215.01.920.20 2016 (4424),4424,MANTENUA.EKIPO INFORMATIKOA,2016,40000.0,44876.6
1 02.220.01.920.00 2016 (4630),4630,BULEGO-MATER.:ADMIN.OROKORRA,2016,29000.0,30232.71
1 02.220.02.920.30 2016 (4426),4426,LIBURU+ALDIZKARI+FOTOKOP+BESTE.ARTXIBOA,2016,500.0,27.69
1 02.221.04.132.00 2016 (4427),4427,ERREGAIA: UDALTZAINGOA,2016,9180.0,7361.26
1 02.221.05.920.10 2016 (4428),4428,LANGILEENTZAKO ARROPAK,2016,10000.0,9437.8
1 02.221.06.323.30 2016 (4429),4429,ELIKAGAIAK:HAUR-ESKOLA,2016,22000.0,27669.5
1 02.221.08.342.00 2016 (4430),4430,FARMAZI EKOIZKINAK: KIROLDEGIA,2016,500.0,283.23
1 02.221.13.342.00 2016 (4431),4431,IGERITEG.PRODUKT.BEREZIAK,2016,4000.0,2293.8
1 02.221.13.342.01 2016 (4432),4432,PRODUKT.BEREZ:IGERILEKUAK,2016,8000.0,6701.6
1 02.221.14.342.00 2016 (4433),4433,KIROL MATERIALA,2016,5000.0,3942.41
1 02.221.98.334.10 2016 (4435),4435,AUZO.HAUR TAIEL.MATERIALA,2016,2121.0,803.84
1 02.221.99.231.03 2016 (4436),4436,MATERIALA:GAZTERIA,2016,6000.0,9889.01
1 02.221.99.334.10 2016 (4437),4437,KULTURAKO TAILERRAKO MATERIALAK,2016,2000.0,1021.86
1 02.222.01.920.00 2016 (4438),4438,KOMUNIKAZIO TELEFONIKOAK,2016,42000.0,56619.77
1 02.222.02.920.00 2016 (4439),4439,KOMUNIKAZIO POSTA BIDEZKOAK,2016,32000.0,38920.19
1 02.222.05.920.20 2016 (4440),4440,KOMUNIKAZIO INFORMATIKOAK,2016,145000.0,147271.12
1 02.224.01.933.00 2016 (4441),4441,ERAIKINEN ASEGURUA,2016,46000.0,40200.67
1 02.224.02.933.00 2016 (4442),4442,IBILGAILUEN ASEGURUA,2016,8500.0,7976.64
1 02.224.99.933.00 2016 (4443),4443,ERANTZUKIZUN ZIBILEKO ASEGURUA,2016,27500.0,27696.21
1 02.226.02.912.00 2016 (4444),4444,PROTOK.ETA ORDEZK.ARRETAK,2016,6000.0,3688.33
1 02.226.03.323.00 2016 (4445),4445,PUBLIZITATEA:IKASTETXEAK,2016,2700.0,2033.44
1 02.226.03.326.01 2016 (4446),4446,PUBLIZITATEA:MUSIKA ESKOLA,2016,800.0,889.35
1 02.226.03.334.00 2016 (4447),4447,PUBLIZITATEA: KULTURA ZERBITZUA,2016,17000.0,16713.41
1 02.226.03.335.10 2016 (4448),4448,PUBLIZITATEA:EUSKALTEGIA,2016,4000.0,3729.86
1 02.226.03.912.00 2016 (4449),4449,PUBLIZIT:GOBERN.ORGANOAK,2016,15000.0,12810.52
1 02.226.03.920.00 2016 (5114),5114,KOMUNIKAZIOA-UDALA,2016,0.0,10429.06
1 02.226.03.920.30 2016 (4450),4450,ARGITALPENAK:ARTXIBOA,2016,10000.0,4637.7
1 02.226.03.932.00 2016 (4451),4451,PUBLIZITATEA:BILKETA,2016,1500.0,1351.87
1 02.226.04.920.00 2016 (4452),4452,GASTU JURIDIKOAK:ADMIN.OROKORRA,2016,25000.0,28849.32
1 02.226.06.231.03 2016 (4453),4453,GAZTERIA PROIEKTUAK,2016,5000.0,6279.75
1 02.226.06.323.00 2016 (4454),4454,KULTUR EKINTZAK:IKASTETXEAK,2016,8000.0,8496.77
1 02.226.06.326.01 2016 (4455),4455,KONTZERTUAK:MUSIKA ESKOLA,2016,20305.0,17578.9
1 02.226.06.334.00 2016 (4456),4456,KULTUR EKINTZAK,2016,147900.0,127605.16
1 02.226.06.335.00 2016 (4457),4457,EKINTZA-KANPAINA:EUSKARA ZERBITZUA,2016,14000.0,23372.04
1 02.226.06.338.00 2016 (4458),4458,JAIAK ETA JAIALDIAK,2016,169000.0,162353.24
1 02.226.06.342.00 2016 (4459),4459,EKINTZAK: KIROL JOLASGARRIAK,2016,12500.0,12218.64
1 02.226.95.231.00 2016 (4462),4462,HEZKIDETZA PROGR.BERDINTASUNA,2016,60000.0,46199.9
1 02.226.95.231.02 2016 (4463),4463,HARRERA PLANA.INMIGRAZIOA,2016,5000.0,0.0
1 02.226.96.170.10 2016 (4464),4464,ESKOLAKO AGENDA 21,2016,19000.0,13053.91
1 02.226.96.231.00 2016 (4465),4465,TAILERRAK.BERDINTASUNA,2016,35000.0,32350.94
1 02.226.96.231.02 2016 (4466),4466,BESTE PROGR.INMIGRAZIOA,2016,5000.0,3115.45
1 02.226.97.231.00 2016 (4468),4468,BESTE EKIMENAK.BERDINTASUNA,2016,53000.0,42855.48
1 02.226.97.231.03 2016 (4872),4872,WUKRO-ELKARLANA,2016,2000.0,973.94
1 02.226.97.241.01 2016 (4469),4469,FUNTZIONAMENDU GASTUAK.IKASTAROAK.,2016,24360.0,3886.69
1 02.226.97.241.02 2016 (4873),4873,FUNTZIONAMENDU GASTUAK.LANBIDE PROGRAMAK,2016,1000.0,16137.17
1 02.226.97.326.01 2016 (4874),4874,ARGITALPENAK.MUSIKA ESKOLA,2016,1000.0,537.98
1 02.226.97.335.10 2016 (4875),4875,URTEURRENA.EUSKALTEGIA,2016,3000.0,3328.81
1 02.226.97.335.50 2016 (4470),4470,GASTETXO ALDIZKARIA,2016,5100.0,4576.0
1 02.226.97.920.00 2016 (4471),4471,IRAGARKI OFIZIALAK,2016,50000.0,32715.67
1 02.226.97.924.00 2016 (4472),4472,2.ESKUKO AZOKA,2016,3500.0,2236.38
1 02.226.98.132.00 2016 (4473),4473,MATERIALA.BIDE HEZIKETA,2016,6000.0,5324.22
1 02.226.98.170.10 2016 (4474),4474,TOKIKO AGENDA 21,2016,31000.0,16568.68
1 02.226.98.230.02 2016 (4475),4475,SENTIBERATZE KANPAINAK,2016,2000.0,884.73
1 02.226.98.231.03 2016 (4476),4476,GAZTE-TXOKOA,2016,66105.0,65759.78
1 02.226.98.241.00 2016 (4477),4477,ORIENTAZIO ZERBITZUA,2016,50000.0,28688.71
1 02.226.98.324.10 2016 (4478),4478,FUNTZ.GASTU:HLP programak,2016,16000.0,12386.41
1 02.226.98.326.01 2016 (4876),4876,MIKROEGOITZA-2016,2016,6000.0,8269.3
1 02.226.98.335.00 2016 (4877),4877,EKIMENAK.EUSKARAREN ALDE,2016,5000.0,4500.0
1 02.226.98.335.10 2016 (4479),4479,KANPOKO JARDUERAK.EUSKALTEGIA,2016,1000.0,806.0
1 02.226.98.335.50 2016 (4480),4480,IKASLEEN TXOKOA,2016,5173.0,5172.75
1 02.226.98.342.00 2016 (5133),5133,DONOSTIAKO KIROLDEGIEN ERABILERA,2016,0.0,34235.1
1 02.226.98.912.00 2016 (4481),4481,TXOTX GARAIAREN HASIERA,2016,7000.0,4958.1
1 02.226.98.933.00 2016 (4482),4482,ONDASUN PARTIK.KALTEETAR.KALTE-ORDAINAK,2016,5000.0,2180.9
1 02.226.99.132.00 2016 (4483),4483,HAINBAT GASTU.UDALTZAINGOA,2016,5000.0,4906.0
1 02.226.99.170.00 2016 (4484),4484,MATERIALA.BESTE.INGURUGIROA,2016,20300.0,6526.91
1 02.226.99.230.02 2016 (4485),4485,PROGRAMAK.LANKIDETZA,2016,7257.0,6918.85
1 02.226.99.231.03 2016 (4486),4486,H.GASTU:GAZTERIA,2016,1000.0,54.55
1 02.226.99.241.00 2016 (4878),4878,EKIMENAK. TOKI GARAPENA,2016,50000.0,63549.8
1 02.226.99.241.03 2016 (4487),4487,FUNTZIONAMENDU GASTUAK.ALDUNDIA ENPLEGU,2016,1000.0,0.0
1 02.226.99.323.20 2016 (4488),4488,H.GASTU:INGURUMEN-HEZKUNTZA,2016,2000.0,1268.8
1 02.226.99.323.30 2016 (4489),4489,H.GASTU:HAUR-ESKOLA,2016,1500.0,100.32
1 02.226.99.326.01 2016 (4490),4490,H.GASTU:MUSIKA ESKOLA,2016,3900.0,2372.2
1 02.226.99.332.10 2016 (4491),4491,EKIMENAK.BESTE.LIBURUTEGIA,2016,36526.0,35544.66
1 02.226.99.334.00 2016 (4492),4492,H.GASTU:KULTURA ZERBITZUA,2016,5000.0,6484.39
1 02.226.99.335.00 2016 (4493),4493,H.GASTU:EUSKARA ZERBITZUA,2016,600.0,7730.03
1 02.226.99.335.10 2016 (4494),4494,EKINTZAK:EUSKALTEGIA,2016,1500.0,1556.34
1 02.226.99.335.20 2016 (4495),4495,BURUNTZALD.EUSKERA EGITASMOAK,2016,30000.0,29811.38
1 02.226.99.335.30 2016 (4496),4496,H.GASTU:EUSKARA PLANA,2016,900.0,229.87
1 02.226.99.335.40 2016 (4497),4497,MATERIALA.UDALEKUAK,2016,6000.0,5968.13
1 02.226.99.335.50 2016 (4498),4498,H.GASTU(ARGITALPEN...):EUSKARA-IRAKASKUN,2016,9000.0,9423.41
1 02.226.99.338.00 2016 (4499),4499,MATERIALA.JAIAK,2016,5000.0,6154.16
1 02.226.99.341.00 2016 (4879),4879,ESKOLA KIROLA,2016,17000.0,0.0
1 02.226.99.342.00 2016 (4500),4500,MATERIALA.H. GASTU-KIROLDEGIA,2016,5000.0,8794.65
1 02.226.99.342.01 2016 (4501),4501,MATERIALA.IGERILEKUAK,2016,2000.0,276.46
1 02.226.99.432.00 2016 (4502),4502,MATERIALA.BESTE. TURISMOA,2016,42000.0,18224.55
1 02.226.99.912.00 2016 (4503),4503,H.GASTU:GOBERNU ORGANOAK,2016,2000.0,2770.0
1 02.226.99.920.00 2016 (4504),4504,HARPIDETZAK.BESTE.ADMINIS.OROKORRA,2016,25000.0,24177.28
1 02.226.99.920.11 2016 (4505),4505,MATERIALA.SEGURT.OSASUNA,2016,10000.0,3160.42
1 02.226.99.920.30 2016 (4506),4506,HAIBAT(AGIRIEN ZAHARB...):ARTXIBOA,2016,10000.0,10618.63
1 02.226.99.924.00 2016 (4507),4507,PARTEHARTZE EKIMENAK,2016,100000.0,48039.99
1 02.226.99.931.00 2016 (5111),5111,BEZ ITZULKETA-ALDUNDIA-GARBITANIA,2016,0.0,35946.0
1 02.226.99.933.00 2016 (4510),4510,ETXEBIZITZEN GASTUAK (ALOKABIDE),2016,5200.0,5115.4
1 02.227.04.323.00 2016 (5115),5115,HEZKUNTZA PROIEKTUAK-HERRI HEZITZAILEA,2016,0.0,0.0
1 02.227.04.323.20 2016 (4511),4511,INGURUGIRO HEZKUNTZAKO KONTRATUA,2016,17000.0,13326.81
1 02.227.04.326.02 2016 (4512),4512,KONTRATUA: KANTUZ,2016,62000.0,61795.53
1 02.227.04.334.10 2016 (4513),4513,KULTURAKO TAILERREN KONTRATOA,2016,75000.0,73353.8
1 02.227.04.342.00 2016 (4515),4515,KONTRATUA: MONITOREAK,2016,180000.0,182051.32
1 02.227.07.170.00 2016 (4516),4516,AZTERKETAK:INGURUGIROA,2016,96381.0,33196.24
1 02.227.07.241.00 2016 (5121),5121,AZTERKETAK-PERCO-KOMERTZIOA,2016,0.0,0.0
1 02.227.07.323.00 2016 (4517),4517,KONPENTENTZIA DIGITALA IKASTETXEETAN,2016,61000.0,29746.9
1 02.227.07.912.00 2016 (4519),4519,KANPO LANAK.HAINBAT.GOBERNU ORGANOAK,2016,23000.0,18068.97
1 02.227.07.931.00 2016 (4520),4520,AUDITORIA-KANPO LANAK. ADM. EKONOMIKOA,2016,17000.0,15185.75
1 02.227.09.932.00 2016 (4521),4521,KONTRATUAK:BILKETA,2016,1500.0,1052.96
1 02.227.98.132.00 2016 (4522),4522,TXAKUR ABANDONATUAK.KONTRATUA,2016,6000.0,4405.93
1 02.227.98.231.00 2016 (4523),4523,PROG.EMAKUMEEN INDARKERIA:BERDINTASUNA,2016,2000.0,1064.8
1 02.227.98.342.00 2016 (4524),4524,SOROSLEAK KONTRATOA-KIROLDEGIA,2016,57000.0,113041.56
1 02.227.98.342.01 2016 (4525),4525,"KONTRATUA.MANTENUA,KANPO IGERILEKUAK",2016,10400.0,8947.95
1 02.227.99.323.30 2016 (4527),4527,KONTRATUA. HAUR ESKOLA.SUKALDEA.,2016,38500.0,38500.0
1 02.227.99.334.10 2016 (4528),4528,KONTRATUA.AUZOET.HAUR TAILERRAK.,2016,36600.0,35187.0
1 02.227.99.335.40 2016 (4529),4529,KONTRATUA:KIROL UDALEKUAK,2016,7000.0,7000.0
1 02.227.99.342.00 2016 (4530),4530,BESTE KONTRATUAK: KIROLDEGIA,2016,21000.0,8538.54
1 02.227.99.342.01 2016 (4531),4531,KONTRATUA.SOROSPEN ZERBITZUA.KANPO IGERI,2016,120000.0,121909.31
1 02.227.99.912.00 2016 (4532),4532,KONTRATUA.BIZIKIDETZA PROIEKTUA,2016,15000.0,11101.75
1 02.227.99.920.00 2016 (4533),4533,HAINB.KONTRATU ADMIN.OROKORRA,2016,65000.0,22956.96
1 02.227.99.920.11 2016 (4534),4534,KONTRATUAK:SEGURTAS.OSASUNA,2016,19000.0,18214.37
1 02.227.99.920.20 2016 (4880),4880,INFORMATIKA KANPOKO ENPRESEN LANAK,2016,25000.0,35371.6
1 02.227.99.920.30 2016 (5131),5131,ONDAREAREN AZTERKETA,2016,0.0,3993.0
1 02.227.99.924.00 2016 (5126),5126,AUZOLAN-MARTINDEGI,2016,0.0,47063.88
1 02.230.01.912.00 2016 (4535),4535,DIETAK:GOBERNU ORGANOAK,2016,3000.0,9421.49
1 02.230.01.920.10 2016 (4536),4536,PERTSONALAREN DIETA,2016,6000.0,3740.63
1 02.332.01.011.00 2016 (4537),4537,MAILEGUEN INTERESAK,2016,16074.0,8108.2
1 02.369.01.011.00 2016 (4539),4539,BESTELAKO FINANTZA-GASTUAK,2016,1500.0,1530.82
1 02.419.01.241.00 2016 (4540),4540,BIC-BERRILAN EZOHIKO APORTAZIOA,2016,32205.0,32204.66
1 02.419.01.326.03 2016 (4541),4541,DIRULAG:H.I.I.,2016,3577.0,3577.0
1 02.419.01.922.00 2016 (4542),4542,EKARPENA:EUDEL,2016,3000.0,3005.06
1 02.419.02.922.00 2016 (4543),4543,EKARPENA:UDALBILTZA,2016,15000.0,15000.0
1 02.421.01.432.00 2016 (4544),4544,BEHEMENDIREKIKO TURISMO HITZARMENA,2016,14000.0,13525.71
1 02.421.02.432.00 2016 (5124),5124,SAGARDUN PARTZUERGOA-HITZARMENA,2016,0.0,10000.0
1 02.422.01.241.00 2016 (4545),4545,BETERRI.GARAPEN AGENTZIA.EKARPENA,2016,100.0,0.0
1 02.422.02.241.00 2016 (4881),4881,ESKUALDEKO ENPLEGU PLANA,2016,35000.0,48404.19
1 02.431.01.943.10 2016 (4546),4546,ONGINTZA.EKARPEN ARRUNTA,2016,2142072.0,1904229.46
1 02.431.01.943.20 2016 (4547),4547,EREÑOTZU.EKARPEN ARRUNTA.,2016,268404.0,265665.55
1 02.431.02.943.20 2016 (5134),5134,EREÑOTZU.EKARPEN BEREZIA.,2016,0.0,3000.0
1 02.471.01.241.00 2016 (5122),5122,KOMERTZIOARI DIGULAGUNTZAK-PERCO,2016,0.0,0.0
1 02.471.01.334.00 2016 (4548),4548,DIRULAGUNTZA:ZINEMA EMAKIDARAKO,2016,29000.0,28015.96
1 02.480.01.150.10 2016 (4882),4882,DIRULAG. ETXEBIZITZA BIRGAITZEKO OBRAK,2016,60000.0,0.0
1 02.480.01.230.02 2016 (4549),4549,DIRULAG:SAHARAKO KANPAMENTUAK.,2016,1000.0,391.3
1 02.480.01.335.10 2016 (4550),4550,BEKAK EUSKALTEGIA,2016,29261.0,33270.09
1 02.481.01.135.00 2016 (4883),4883,DIRULAG.DYA.HITZARMENA,2016,3500.0,3500.0
1 02.481.01.230.02 2016 (4551),4551,EUSKAL FONDOA.EKARPENA.,2016,3621.0,3558.51
1 02.481.01.241.00 2016 (4552),4552,BERRIAK ELKARTEA-HITZARMENA,2016,14000.0,3600.0
1 02.481.01.323.00 2016 (4553),4553,DIRULAG:IKASTETXEAK KANPOKO EKINTZ,2016,18000.0,14638.0
1 02.481.01.334.00 2016 (4555),4555,DIRULAG:KULTURA(NORGEHIAGOKA),2016,73000.0,70040.48
1 02.481.01.334.20 2016 (4556),4556,DIRULAGUNTZA:MUSIKA BANDA,2016,83459.0,83459.0
1 02.481.01.334.30 2016 (4557),4557,DIRULAGUNTZA:TXISTULARI BANDA,2016,38813.0,38813.0
1 02.481.01.335.00 2016 (4558),4558,DIRULAG:EUSKARA (NORGEHIAGOKA),2016,50000.0,48697.37
1 02.481.01.341.00 2016 (4559),4559,DIRULAG:KIROL EKINTZAK,2016,29573.0,29573.0
1 02.481.01.912.00 2016 (4560),4560,DIRULAGUNTZA ZUZENAK.GOBERNU ORGANUAK,2016,30000.0,15118.2
1 02.481.01.920.30 2016 (4561),4561,EUSKO IKASKUNTZA HITZARMENA,2016,2500.0,2500.0
1 02.481.02.230.02 2016 (4562),4562,DIRULAG.LANKIDETZA.GKE.PROIEKTUAK,2016,134510.0,50266.99
1 02.481.02.231.03 2016 (4563),4563,ALOKAIRU DIRULAG-GAZTERIA,2016,82000.0,0.0
1 02.481.02.231.04 2016 (4884),4884,ALOKAIRU DIRULAGUNTZAK HELDUAK,2016,82000.0,0.0
1 02.481.02.334.10 2016 (4564),4564,DIRULAG:AUZO ELKARTEAK,2016,105696.0,96875.1
1 02.481.02.335.00 2016 (4565),4565,DIRULAG.:EUSKARA (ZUZENAK),2016,150655.0,108763.0
1 02.481.02.341.00 2016 (4566),4566,ESKOLA-KIROLA,2016,0.0,16999.39
1 02.481.02.912.00 2016 (4567),4567,TALDE POLITIKOEN ASIGNAZIOAK,2016,52575.0,70860.0
1 02.481.03.230.02 2016 (4885),4885,DIRULAG.LANKIDETZA.EUSKAL FONDOA.PROIEKT,2016,40178.0,40178.0
1 02.481.03.231.02 2016 (4568),4568,DIRULAG:AMHER,2016,55000.0,55000.0
1 02.481.03.341.00 2016 (4569),4569,DIRULAG:KLUBAK,2016,60812.0,60812.0
1 02.481.04.230.02 2016 (4886),4886,DIRULAG.LANKIDETZA. KATASTROFEAK,2016,22703.0,0.0
1 02.481.04.341.00 2016 (4571),4571,DIRULAG:KIROL EKIN.EZOHIZKOAK,2016,4088.0,4088.0
1 02.481.05.924.00 2016 (4572),4572,AUZOLAN PROGRAMAK,2016,50000.0,1470.46
1 02.500.01.929.00 2016 (4509),4509,KREDITU GLOBALA,2016,159932.0,0.0
1 02.601.01.150.10 2016 (4573),4573,AZPIEGITURAK ETA URBANIZAZIOAK. HIRIGINT,2016,1000.0,0.0
1 02.601.01.151.20 2016 (5132),5132,GALARRETA SISTEMA OROKORRA,2016,0.0,200.55
1 02.601.01.170.00 2016 (5110),5110,LARREGAIN ZABORTEGIA-BIRGAITZEA,2016,0.0,0.0
1 02.601.02.150.10 2016 (5116),5116,LANDARE POLIGONO BIDEA,2016,0.0,1452.0
1 02.601.03.150.10 2016 (5117),5117,KARABEL-IBAIONDO OINEZKOEN BIDEA,2016,0.0,0.0
1 02.622.01.342.00 2016 (4575),4575,KIROLDEGIA-IGERILEKUAK-FASE II,2016,1700000.0,458464.95
1 02.622.02.150.10 2016 (5130),5130,KARABEL ETXEBIZITZAK,2016,0.0,0.0
1 02.624.01.153.40 2016 (5120),5120,IBILGAILUA-HERRI LANAK,2016,0.0,21925.0
1 02.625.01.920.00 2016 (4887),4887,BULEGO ALTZARIAK.,2016,1000.0,907.62
1 02.625.99.326.01 2016 (4585),4585,MUSIKA TRESNAK,2016,3500.0,1141.66
1 02.625.99.342.00 2016 (4579),4579,EKIPAMENDUA: KIROLDEGIA,2016,30000.0,9648.54
1 02.626.01.920.20 2016 (4580),4580,INFORMAZIO-PROZESUETARAKO EKIPOAK,2016,24000.0,19564.26
1 02.628.01.332.10 2016 (4581),4581,FUNTS BIBLIOGRAFIKOAK,2016,40000.0,38413.24
1 02.629.01.334.00 2016 (4582),4582,KULTURA-INBERTSIOAK,2016,15000.0,29645.0
1 02.643.01.150.10 2016 (4583),4583,PROIEKTU TEKNIKOAK.HIRIGINTZA,2016,214000.0,40854.12
1 02.644.01.920.20 2016 (4584),4584,APLIKAZIO INFORMATIKOAK,2016,23000.0,15910.72
1 02.731.01.943.10 2016 (4586),4586,"KAPITAL EKARPENA:""ONGINTZA""",2016,12800.0,0.0
1 02.731.01.943.20 2016 (4587),4587,"KAPITAL EKARPENA:""EREÑOTZU""",2016,93929.0,93929.0
1 02.823.01.931.00 2016 (4588),4588,PERTSONALARENTZAKO AURRERAKINAK,2016,100.0,2000.0
1 02.933.01.011.00 2016 (4589),4589,MAILEGUEN AMORTIZAZIOA,2016,530000.0,526729.62
1 05.200.02.133.00 2016 (4591),4591,ADIF-TERRENUEN ALOKAIRUA,2016,1000.0,989.79
1 05.210.01.153.20 2016 (4592),4592,KALEAK.BIDEAK.MANTENUA.,2016,220000.0,107041.07
1 05.210.01.153.70 2016 (4593),4593,LANDA BIDEA. MANTENUA,2016,20000.0,9419.88
1 05.210.01.160.00 2016 (4594),4594,SANEAMENDU-ARAZKETA.MANTENUA,2016,20000.0,17287.52
1 05.210.01.161.00 2016 (4595),4595,UR SAREA.MANTENUA,2016,101400.0,95198.28
1 05.210.01.165.00 2016 (4596),4596,KALEKO ARGIKUNTZA SAREA.MANTENUA,2016,100000.0,98065.56
1 05.210.01.171.00 2016 (4597),4597,BESTE LANAK:PARKEAK ETA LORATEGIAK,2016,35000.0,29141.42
1 05.210.01.414.00 2016 (4598),4598,INGURUNEAREN HOBEKUNTZA.MANTENUA,2016,4100.0,3388.88
1 05.211.01.132.00 2016 (4599),4599,UDALTZAINGOA.ERAIKINA.MENTENU OROKORRA,2016,3500.0,348.48
1 05.211.01.153.50 2016 (4600),4600,ZERBITZUETAKO PABILOIA.MANTENUA,2016,3000.0,10250.05
1 05.211.01.164.00 2016 (4601),4601,HILERRIA.MANTENU OROKORRA,2016,8500.0,11192.08
1 05.211.01.311.01 2016 (4602),4602,KOMUNAK.MANTENU OROKORRA,2016,1200.0,2238.67
1 05.211.01.323.10 2016 (4603),4603,IKASTETXEAK-MANTENUA,2016,40000.0,42802.34
1 05.211.01.323.30 2016 (4604),4604,MANTEN.ERAIKINA:HAUR-ESKOLA,2016,4000.0,3308.54
1 05.211.01.326.01 2016 (4605),4605,MANTEN.ERAIKINA:MUSIKA ESKOLA,2016,2000.0,247.86
1 05.211.01.326.03 2016 (4606),4606,MANT.ERAIKINA:H.I.I.,2016,1000.0,639.91
1 05.211.01.333.00 2016 (4607),4607,MANTEN ERAIKINA:KULTUR ETXEA,2016,5000.0,11169.37
1 05.211.01.920.01 2016 (4608),4608,MANTENU OROKORRA.UDALETXEA,2016,3500.0,4889.75
1 05.211.01.920.02 2016 (4609),4609,MANTENU OROKORRA.UDAL ERAIKINAK,2016,100000.0,118745.2
1 05.211.01.929.10 2016 (4610),4610,MANT.ERAIKINA:EPAITEGIA,2016,500.0,136.5
1 05.212.01.133.00 2016 (4611),4611,MANT:SEMAFOROAK,2016,3000.0,144.81
1 05.212.01.136.00 2016 (4612),4612,SUHILTZAILEAK.MANTENU OROKORRA,2016,400.0,54.56
1 05.212.01.153.50 2016 (4613),4613,MANT.MAKIN:PABILOIA,2016,10000.0,8891.1
1 05.212.01.323.10 2016 (4614),4614,MANT.MAKIN:IKASTETXEAK,2016,40000.0,21001.86
1 05.212.01.323.30 2016 (4615),4615,MANT.MAKIN:HAUR-ESKOLA,2016,7000.0,4133.31
1 05.212.01.326.01 2016 (4616),4616,MANT.MAKIN:MUSIKA ESKOLA,2016,4000.0,1385.58
1 05.212.01.326.03 2016 (4617),4617,MANT.MAKIN:H.I.I.,2016,3000.0,1233.06
1 05.212.01.333.00 2016 (4618),4618,MANT.MAKIN:KULTUR ETXEA,2016,8000.0,5693.33
1 05.212.01.414.00 2016 (4619),4619,MANT.MAKIN:INGURUN.HOBEKUNTZA,2016,5000.0,838.95
1 05.212.01.920.01 2016 (4620),4620,MANT.MAKIN:UDALETXEA,2016,12000.0,7452.5
1 05.212.01.920.02 2016 (4621),4621,MANT.MAKIN:UDAL ERAIKINAK,2016,22000.0,17791.9
1 05.212.01.929.10 2016 (4622),4622,MANT.MAKIN:EPAITEGIA,2016,1500.0,592.84
1 05.213.01.153.40 2016 (4623),4623,MANT.IBILG:OBRETAKO LANTALDEA,2016,9500.0,9411.58
1 05.213.01.161.00 2016 (4624),4624,MANT.IBILG:URAK,2016,3500.0,3409.39
1 05.213.01.165.00 2016 (4625),4625,MANT.IBILG:KALEKO ARGIKUNTZA,2016,4100.0,2665.97
1 05.213.01.323.10 2016 (4626),4626,MANT.IBILG:IKASTETXEAK,2016,700.0,324.79
1 05.213.01.414.00 2016 (4627),4627,MANT.IBILG:INGURUN.HOBEKUNTZA,2016,1932.0,1521.43
1 05.213.01.920.01 2016 (4628),4628,MANT.IBILG:ADMIN.OROKORRA,2016,800.0,794.21
1 05.214.01.920.01 2016 (4629),4629,MANT.BULEGO EKIPOA,2016,30000.0,41130.12
1 05.221.01.161.00 2016 (4631),4631,ENERG.ELEKT:URAK,2016,25000.0,20818.39
1 05.221.01.165.00 2016 (4632),4632,ENERG.ELEKT:KALEKO ARGIKUNTZA,2016,263310.0,256142.7
1 05.221.01.920.02 2016 (4633),4633,ENERG.ELEKT:UDAL ERAIKINAK,2016,308030.0,286643.42
1 05.221.02.160.00 2016 (4634),4634,SANEAMENTUA-AÑARBE,2016,522000.0,504308.19
1 05.221.02.161.00 2016 (4635),4635,UR HORNIDURA-AÑARBE,2016,418676.0,409080.84
1 05.221.03.920.02 2016 (4636),4636,GASA: UDAL ERAIKINAK,2016,180000.0,121750.79
1 05.221.04.153.40 2016 (4637),4637,ERREGAIA:OBRETAKO LANTALDEA,2016,9500.0,6781.38
1 05.221.04.161.00 2016 (4638),4638,ERREGAIA:URAK,2016,3000.0,2505.6
1 05.221.04.165.00 2016 (4639),4639,ERREGAIA:KALEKO ARGIKUNTZA,2016,5000.0,2672.11
1 05.221.04.323.10 2016 (4640),4640,ERREGAIA:IKASTETXEAK,2016,900.0,844.03
1 05.221.04.414.00 2016 (4641),4641,ERREGAIA:INGURUN.HOBEKUNTZA,2016,1230.0,1361.57
1 05.221.04.920.01 2016 (4642),4642,ERREGAIA:ADMINIST.OROKORRA,2016,800.0,385.79
1 05.221.09.920.02 2016 (4643),4643,GARBIK.PROD.:UDAL ERAIKINAK,2016,15000.0,12560.86
1 05.221.11.136.00 2016 (4644),4644,TRESNAK ETA ERREM:SUHILTZAILEAK,2016,500.0,0.0
1 05.221.11.153.40 2016 (4645),4645,ERREMINTAK:OBRETAKO LANTALDEA,2016,4000.0,6260.83
1 05.221.11.161.00 2016 (4646),4646,TRESNAK ERREM:URAK,2016,2000.0,642.48
1 05.221.11.164.00 2016 (4647),4647,ERREMINTAK:HILERRIA,2016,400.0,212.33
1 05.221.11.165.00 2016 (4648),4648,TRESNAK:KALEKO ARGIKUNTZA,2016,4000.0,7021.43
1 05.221.99.161.00 2016 (4649),4649,B.HORNIDURAK:URAK,2016,500.0,284.83
1 05.226.01.153.50 2016 (4650),4650,KANONAK:ZERBITZU PUBLIKOAK,2016,1200.0,1092.77
1 05.226.01.160.00 2016 (4651),4651,SANEAMENDUKO KANONA,2016,32000.0,30578.07
1 05.226.06.414.00 2016 (4652),4652,ZUHAITZ EGUNA,2016,3000.0,2216.85
1 05.226.99.135.00 2016 (4653),4653,MATERIALA.BABES ZIBILA,2016,4000.0,4331.06
1 05.226.99.153.50 2016 (4654),4654,H.GASTU:ZERBITZU PUBLIKOAK,2016,3000.0,3506.42
1 05.226.99.161.00 2016 (4655),4655,KANONAK.BESTE.URAK,2016,5000.0,2587.34
1 05.226.99.162.10 2016 (4656),4656,MATERIALA.HONDAKINEN KUDEAKETA,2016,60000.0,40546.31
1 05.226.99.241.00 2016 (4657),4657,MANTENUA.MATERIALA.TRANSPACAR,2016,2000.0,130.79
1 05.226.99.333.00 2016 (4658),4658,H.GASTU:KULTUR ETXEA,2016,500.0,561.08
1 05.226.99.929.10 2016 (4659),4659,H.GASTU:EPAITEGIA,2016,400.0,300.0
1 05.227.01.163.00 2016 (4660),4660,KALE GARBIKETA KONTRATUA,2016,1070000.0,1059222.54
1 05.227.01.920.02 2016 (4661),4661,GARBITZEKO KONT:UDAL ERAIKINAK,2016,1171979.0,1197591.72
1 05.227.95.162.10 2016 (4888),4888,HONDAKINAK.ERREFUSA+ORGANIKOA.,2016,265200.0,413428.87
1 05.227.96.162.10 2016 (4889),4889,ATEZ-ATE.BULEGOA.GARBITANIA,2016,90000.0,51543.21
1 05.227.97.134.00 2016 (4662),4662,KONTRATUA:IGOGAILU.MANTEN.,2016,21500.0,19590.76
1 05.227.98.133.00 2016 (4663),4663,KONTRAT:KASKORA SARTZEKO,2016,18000.0,24797.71
1 05.227.98.153.50 2016 (4664),4664,KONTRAT.KARTOGRAFA MANTENTZEA.,2016,20000.0,13461.07
1 05.227.98.162.10 2016 (4665),4665,HONDAKINAK.GARBITANIA.,2016,1190000.0,1198556.43
1 05.227.98.311.01 2016 (4890),4890,KOMUNAK-JAIAK,2016,18000.0,17348.22
1 05.227.99.133.00 2016 (4666),4666,KONTRATUA:SEMAFOROEN MANTEN.,2016,9500.0,9459.61
1 05.227.99.171.00 2016 (4667),4667,KONTRATUA:PARKEAK-LORATEGIAK,2016,450000.0,438007.52
1 05.227.99.311.00 2016 (4668),4668,KONTRATUA:ARRATOI-GARBIKETA,2016,11000.0,7177.2
1 05.227.99.311.01 2016 (4669),4669,KONTRATUA:KOMUNEN GARBIKETA,2016,27000.0,26767.32
1 05.421.01.162.10 2016 (4670),4670,EKARPENA:SAN MARCOS,2016,250000.0,257324.34
1 05.422.01.414.00 2016 (4671),4671,EKARPENA:BEHEMENDI SASIAK GARBITZEKO,2016,63000.0,42000.0
1 05.422.01.441.10 2016 (4672),4672,EKARPENA. GIPUZKOAKO GARRAIO AGENTZIA.,2016,11000.0,3576.0
1 05.422.02.414.00 2016 (4673),4673,EKARPENA:BEHEMENDI,2016,30000.0,25188.82
1 05.471.01.441.10 2016 (4674),4674,DIRULAG.HERNANIKO HIRIBUSA,2016,79766.0,77896.0
1 05.601.01.153.20 2016 (4675),4675,URBANIZAZIOA: KALEAK-BIDEAK.,2016,85000.0,119267.12
1 05.601.01.153.70 2016 (4891),4891,LANDA BIDEAK. INBERTSIOA,2016,60000.0,52967.26
1 05.609.01.134.00 2016 (4676),4676,IRISGARRITASUN PLANA,2016,60000.0,30003.1
1 05.609.01.153.30 2016 (4677),4677,URBANIZAZIOA: BESTE GUNEAK,2016,37000.0,0.0
1 05.609.03.153.30 2016 (4679),4679,KALE ALTZARIAK,2016,18000.0,34878.66
1 05.622.01.323.10 2016 (4892),4892,IKASTETXEAK-INBERTSIOAK,2016,115000.0,198036.6
1 05.622.01.323.30 2016 (5113),5113,ERAIKINAREN BIRGAITZEA-HAUR ESKOLA,2016,0.0,12574.32
1 05.622.01.335.10 2016 (5112),5112,ERAIKINAREN BIRGAITZEA-EUSKALTEGIA,2016,0.0,69198.09
1 05.622.01.920.02 2016 (4681),4681,UDAL ERAIKINAK-INBERTSIOAK,2016,25500.0,25974.16
1 05.623.02.153.50 2016 (5123),5123,PABILOIA-INSTALAZIOAK,2016,0.0,5093.86
1 05.623.02.161.00 2016 (4683),4683,INSTALAZIOAK: UR HORNIDURA,2016,178000.0,55357.31
1 05.623.02.165.00 2016 (4684),4684,INSTALAZIOAK: KALEKO ARGIKUNTZA,2016,70000.0,39290.88
1 05.625.99.162.10 2016 (4688),4688,AUZOKONPOSTA,2016,30000.0,29817.99
1 09.210.01.153.30 2016 (4893),4893,HERABAKI-19-ATSEGINDEGI MARGOAK,2016,1500.0,268.02
1 09.211.01.153.30 2016 (4894),4894,HE-14-KAXKOKO FATXADAK,2016,10000.0,0.0
1 09.211.01.323.10 2016 (4895),4895,HERABAKI-6-HAURRENTZAT GELA,2016,6000.0,4497.14
1 09.220.01.230.02 2016 (4896),4896,HERABAKI-24-SAHARA MATERIALA,2016,2500.0,2169.68
1 09.227.04.334.00 2016 (4897),4897,HERABAKI-16-HAURRENTZAT EGITARAUA,2016,8000.0,8000.0
1 09.601.01.133.00 2016 (4898),4898,HERABAKI-18-APARKALEKUAK,2016,20000.0,37195.72
1 09.601.01.134.00 2016 (4899),4899,HERABAKI-21-8-22-30-13-OINEZKOAK,2016,96051.0,7659.8
1 09.601.01.153.30 2016 (4900),4900,HERABAKI-5-EZKIAGA-TILOS-ZOLADURA,2016,230000.0,59789.37
1 09.601.03.153.20 2016 (4901),4901,HERABAKI-25-SANTABARBARA AUZOAN,2016,8065.0,8099.86
1 09.609.01.165.00 2016 (4902),4902,HERABAKI-2-26-23-ARGIZTAPENAK,2016,28325.0,28652.82
1 09.609.02.153.30 2016 (4903),4903,HERABAKI-7-HAUR PARKEAK,2016,20000.0,1292.61
1 09.623.02.342.03 2016 (4904),4904,HERABAKI-17-LANDARE HOBEKUNTZAK,2016,48000.0,5680.87
1 09.629.01.333.00 2016 (4905),4905,HERABAKI-3-BITERI EKIPOAK,2016,25000.0,16615.36
1 09.629.02.334.00 2016 (4906),4906,HERABAKI-29-MUSIKAEKIPO IBILTARIA,2016,1000.0,1156.73
