#Eko. azpikontzeptua,Deskribapena,Urtea,Programa,Departamentua,Hasierako aurr.,Igoerak,Atxekipenak,Behin bet aurr.,Oblig - ordain
10001,Oinarrizko ordainketak eta bestelako ordainsariak,2018,91200,02,423088.95,0.0,0.0,423088.95,303821.96
11001,Oinarrizko ordainketak eta bestelako ordainsariak,2018,91200,02,35956.67,0.0,0.0,35956.67,27798.28
12001,Oinarrizko ordainketak,2018,13000,02,1200254.22,0.0,0.0,1200254.22,515111.44
12001,Oinarrizko ordainketak,2018,15000,02,233609.67,0.0,0.0,233609.67,85077.45
12001,Oinarrizko ordainketak,2018,15110,02,27113.64,0.0,0.0,27113.64,10912.54
12001,Oinarrizko ordainketak,2018,15120,02,79848.94,0.0,0.0,79848.94,5623.92
12001,Oinarrizko ordainketak,2018,15121,02,119548.29,0.0,0.0,119548.29,25831.68
12001,Oinarrizko ordainketak,2018,15122,02,90139.99,0.0,0.0,90139.99,33334.57
12001,Oinarrizko ordainketak,2018,15123,02,43082.9,0.0,0.0,43082.9,22386.18
12001,Oinarrizko ordainketak,2018,15124,02,20823.11,0.0,0.0,20823.11,13059.44
12001,Oinarrizko ordainketak,2018,15125,02,47232.54,0.0,0.0,47232.54,22761.74
12001,Oinarrizko ordainketak,2018,15126,02,76693.73,0.0,0.0,76693.73,24801.22
12001,Oinarrizko ordainketak,2018,16100,02,65743.12,0.0,0.0,65743.12,9680.84
12001,Oinarrizko ordainketak,2018,16500,02,65477.46,0.0,0.0,65477.46,17770.14
12001,Oinarrizko ordainketak,2018,17000,02,54187.14,0.0,0.0,54187.14,13998.24
12001,Oinarrizko ordainketak,2018,17100,02,42326.9,0.0,0.0,42326.9,7947.01
12001,Oinarrizko ordainketak,2018,23000,02,118886.48,0.0,0.0,118886.48,5572.23
12001,Oinarrizko ordainketak,2018,23100,02,49110.54,0.0,0.0,49110.54,46462.17
12001,Oinarrizko ordainketak,2018,23110,02,23692.24,0.0,0.0,23692.24,1075.91
12001,Oinarrizko ordainketak,2018,23150,02,13590.1,0.0,0.0,13590.1,0.0
12001,Oinarrizko ordainketak,2018,23160,02,49581.74,0.0,0.0,49581.74,21772.09
12001,Oinarrizko ordainketak,2018,23170,02,61003.2,0.0,0.0,61003.2,18287.92
12001,Oinarrizko ordainketak,2018,23180,02,88494.82,0.0,0.0,88494.82,44514.57
12001,Oinarrizko ordainketak,2018,32000,02,93694.24,0.0,0.0,93694.24,71698.63
12001,Oinarrizko ordainketak,2018,32700,02,14485.38,0.0,0.0,14485.38,8277.36
12001,Oinarrizko ordainketak,2018,33000,02,73868.34,0.0,0.0,73868.34,29365.02
12001,Oinarrizko ordainketak,2018,33210,02,94042.46,0.0,0.0,94042.46,47231.12
12001,Oinarrizko ordainketak,2018,33220,02,54934.81,0.0,0.0,54934.81,20654.28
12001,Oinarrizko ordainketak,2018,33510,02,108060.36,0.0,0.0,108060.36,38159.57
12001,Oinarrizko ordainketak,2018,33520,02,194013.96,0.0,0.0,194013.96,76708.28
12001,Oinarrizko ordainketak,2018,33720,02,10083.78,0.0,0.0,10083.78,0.0
12001,Oinarrizko ordainketak,2018,34000,02,49969.18,0.0,0.0,49969.18,32011.65
12001,Oinarrizko ordainketak,2018,49110,02,222630.94,0.0,0.0,222630.94,78298.83
12001,Oinarrizko ordainketak,2018,92000,02,60041.1,0.0,0.0,60041.1,38647.33
12001,Oinarrizko ordainketak,2018,92010,02,48409.66,0.0,0.0,48409.66,30703.42
12001,Oinarrizko ordainketak,2018,92030,02,115754.57,0.0,0.0,115754.57,50635.98
12001,Oinarrizko ordainketak,2018,92040,02,17751.86,0.0,0.0,17751.86,0.0
12001,Oinarrizko ordainketak,2018,93100,02,61803.21,0.0,0.0,61803.21,28579.66
12001,Oinarrizko ordainketak,2018,93210,02,62215.25,0.0,0.0,62215.25,43565.82
12001,Oinarrizko ordainketak,2018,93220,02,82849.06,0.0,0.0,82849.06,50835.18
12001,Oinarrizko ordainketak,2018,93300,02,69748.94,0.0,0.0,69748.94,26191.67
12001,Oinarrizko ordainketak,2018,93400,02,42508.84,0.0,0.0,42508.84,26252.53
12002,Oinarrizko ordainketak,2018,13000,02,11296.72,0.0,0.0,11296.72,103093.37
12002,Oinarrizko ordainketak,2018,15000,02,13248.59,0.0,0.0,13248.59,53862.88
12002,Oinarrizko ordainketak,2018,15110,02,0.0,0.0,0.0,0.0,6235.02
12002,Oinarrizko ordainketak,2018,15120,02,0.0,0.0,0.0,0.0,37097.48
12002,Oinarrizko ordainketak,2018,15121,02,0.0,0.0,0.0,0.0,29325.57
12002,Oinarrizko ordainketak,2018,15122,02,11749.5,0.0,0.0,11749.5,31714.9
12002,Oinarrizko ordainketak,2018,15123,02,0.0,0.0,0.0,0.0,5494.59
12002,Oinarrizko ordainketak,2018,15126,02,0.0,0.0,0.0,0.0,19982.01
12002,Oinarrizko ordainketak,2018,16100,02,0.0,0.0,0.0,0.0,26889.18
12002,Oinarrizko ordainketak,2018,16500,02,0.0,0.0,0.0,0.0,19694.24
12002,Oinarrizko ordainketak,2018,17000,02,0.0,0.0,0.0,0.0,18704.29
12002,Oinarrizko ordainketak,2018,17100,02,0.0,0.0,0.0,0.0,16374.77
12002,Oinarrizko ordainketak,2018,23000,02,9045.44,0.0,0.0,9045.44,5900.95
12002,Oinarrizko ordainketak,2018,23100,02,0.0,0.0,0.0,0.0,55151.23
12002,Oinarrizko ordainketak,2018,23110,02,0.0,0.0,0.0,0.0,14538.78
12002,Oinarrizko ordainketak,2018,23150,02,7562.84,0.0,0.0,7562.84,9016.65
12002,Oinarrizko ordainketak,2018,23160,02,0.0,0.0,0.0,0.0,9591.88
12002,Oinarrizko ordainketak,2018,23170,02,13166.02,0.0,0.0,13166.02,17655.11
12002,Oinarrizko ordainketak,2018,23180,02,0.0,0.0,0.0,0.0,9736.11
12002,Oinarrizko ordainketak,2018,32000,02,0.0,0.0,0.0,0.0,1212.46
12002,Oinarrizko ordainketak,2018,32700,02,10083.76,0.0,0.0,10083.76,7411.4
12002,Oinarrizko ordainketak,2018,33000,02,52505.83,0.0,0.0,52505.83,41244.5
12002,Oinarrizko ordainketak,2018,33210,02,8547.18,0.0,0.0,8547.18,18400.32
12002,Oinarrizko ordainketak,2018,33220,02,0.0,0.0,0.0,0.0,15461.42
12002,Oinarrizko ordainketak,2018,33510,02,0.0,0.0,0.0,0.0,12068.21
12002,Oinarrizko ordainketak,2018,33520,02,18443.46,0.0,0.0,18443.46,40396.22
12002,Oinarrizko ordainketak,2018,33720,02,10083.78,0.0,0.0,10083.78,13204.56
12002,Oinarrizko ordainketak,2018,49110,02,19984.63,0.0,0.0,19984.63,73370.38
12002,Oinarrizko ordainketak,2018,92000,02,0.0,0.0,0.0,0.0,2151.83
12002,Oinarrizko ordainketak,2018,92010,02,0.0,0.0,0.0,0.0,6482.43
12002,Oinarrizko ordainketak,2018,92030,02,0.0,0.0,0.0,0.0,40208.0
12002,Oinarrizko ordainketak,2018,92040,02,0.0,0.0,0.0,0.0,10814.22
12002,Oinarrizko ordainketak,2018,93100,02,0.0,0.0,0.0,0.0,13678.9
12002,Oinarrizko ordainketak,2018,93220,02,0.0,0.0,0.0,0.0,6288.25
12002,Oinarrizko ordainketak,2018,93300,02,0.0,0.0,0.0,0.0,22722.82
12101,Destino osagarria,2018,13000,02,2553159.7,0.0,0.0,2553159.7,1452545.66
12101,Destino osagarria,2018,15000,02,438048.38,0.0,0.0,438048.38,249465.33
12101,Destino osagarria,2018,15110,02,50442.42,0.0,0.0,50442.42,21680.95
12101,Destino osagarria,2018,15120,02,190558.38,0.0,0.0,190558.38,17683.74
12101,Destino osagarria,2018,15121,02,222151.44,0.0,0.0,222151.44,102204.87
12101,Destino osagarria,2018,15122,02,161385.42,0.0,0.0,161385.42,74463.92
12101,Destino osagarria,2018,15123,02,79525.32,0.0,0.0,79525.32,51202.16
12101,Destino osagarria,2018,15124,02,39762.66,0.0,0.0,39762.66,30035.57
12101,Destino osagarria,2018,15125,02,81860.1,0.0,0.0,81860.1,47998.04
12101,Destino osagarria,2018,15126,02,108065.16,0.0,0.0,108065.16,46247.17
12101,Destino osagarria,2018,16100,02,136836.25,0.0,0.0,136836.25,23623.43
12101,Destino osagarria,2018,16500,02,133061.88,0.0,0.0,133061.88,41275.99
12101,Destino osagarria,2018,17000,02,94553.2,0.0,0.0,94553.2,73976.07
12101,Destino osagarria,2018,17100,02,86586.64,0.0,0.0,86586.64,21939.36
12101,Destino osagarria,2018,23000,02,211426.74,0.0,0.0,211426.74,9303.16
12101,Destino osagarria,2018,23100,02,77697.76,0.0,0.0,77697.76,124891.17
12101,Destino osagarria,2018,23110,02,43959.3,0.0,0.0,43959.3,2676.33
12101,Destino osagarria,2018,23150,02,25347.7,0.0,0.0,25347.7,0.0
12101,Destino osagarria,2018,23160,02,76043.1,0.0,0.0,76043.1,38901.91
12101,Destino osagarria,2018,23170,02,94654.7,0.0,0.0,94654.7,45564.64
12101,Destino osagarria,2018,23180,02,128393.16,0.0,0.0,128393.16,81440.56
12101,Destino osagarria,2018,32000,02,152639.34,0.0,0.0,152639.34,140441.57
12101,Destino osagarria,2018,32700,02,25347.7,0.0,0.0,25347.7,17242.74
12101,Destino osagarria,2018,33000,02,134596.28,0.0,0.0,134596.28,57966.01
12101,Destino osagarria,2018,33210,02,142993.62,0.0,0.0,142993.62,82392.93
12101,Destino osagarria,2018,33220,02,98766.92,0.0,0.0,98766.92,35612.42
12101,Destino osagarria,2018,33510,02,143451.98,0.0,0.0,143451.98,92661.15
12101,Destino osagarria,2018,33520,02,226528.96,0.0,0.0,226528.96,123794.08
12101,Destino osagarria,2018,33720,02,21801.5,0.0,0.0,21801.5,0.0
12101,Destino osagarria,2018,34000,02,81894.26,0.0,0.0,81894.26,62052.75
12101,Destino osagarria,2018,49110,02,425812.66,0.0,0.0,425812.66,188281.69
12101,Destino osagarria,2018,92000,02,118521.34,0.0,0.0,118521.34,88763.46
12101,Destino osagarria,2018,92010,02,80155.32,0.0,0.0,80155.32,61066.19
12101,Destino osagarria,2018,92030,02,195531.85,0.0,0.0,195531.85,120240.4
12101,Destino osagarria,2018,92040,02,36552.32,0.0,0.0,36552.32,0.0
12101,Destino osagarria,2018,93100,02,117112.8,0.0,0.0,117112.8,67384.48
12101,Destino osagarria,2018,93210,02,100161.32,0.0,0.0,100161.32,85646.36
12101,Destino osagarria,2018,93220,02,154513.8,0.0,0.0,154513.8,103671.45
12101,Destino osagarria,2018,93300,02,120601.88,0.0,0.0,120601.88,55326.58
12101,Destino osagarria,2018,93400,02,64982.26,0.0,0.0,64982.26,50985.66
12102,Berariazko osagarria,2018,13000,02,25777.08,0.0,0.0,25777.08,320689.95
12102,Berariazko osagarria,2018,15000,02,30504.21,0.0,0.0,30504.21,162573.38
12102,Berariazko osagarria,2018,15110,02,0.0,0.0,0.0,0.0,14047.52
12102,Berariazko osagarria,2018,15120,02,0.0,0.0,0.0,0.0,97240.03
12102,Berariazko osagarria,2018,15121,02,0.0,0.0,0.0,0.0,93707.06
12102,Berariazko osagarria,2018,15122,02,28070.91,0.0,0.0,28070.91,98660.6
12102,Berariazko osagarria,2018,15123,02,0.0,0.0,0.0,0.0,15645.31
12102,Berariazko osagarria,2018,15126,02,0.0,0.0,0.0,0.0,44305.17
12102,Berariazko osagarria,2018,16100,02,0.0,0.0,0.0,0.0,77830.45
12102,Berariazko osagarria,2018,16500,02,0.0,0.0,0.0,0.0,65649.62
12102,Berariazko osagarria,2018,17000,02,0.0,0.0,0.0,0.0,41748.51
12102,Berariazko osagarria,2018,17100,02,0.0,0.0,0.0,0.0,42318.98
12102,Berariazko osagarria,2018,23000,02,18611.6,0.0,0.0,18611.6,13465.26
12102,Berariazko osagarria,2018,23100,02,0.0,0.0,0.0,0.0,125757.2
12102,Berariazko osagarria,2018,23110,02,0.0,0.0,0.0,0.0,30440.52
12102,Berariazko osagarria,2018,23150,02,17585.19,0.0,0.0,17585.19,20049.64
12102,Berariazko osagarria,2018,23160,02,0.0,0.0,0.0,0.0,19331.52
12102,Berariazko osagarria,2018,23170,02,25347.7,0.0,0.0,25347.7,37785.37
12102,Berariazko osagarria,2018,23180,02,0.0,0.0,0.0,0.0,19187.29
12102,Berariazko osagarria,2018,32000,02,0.0,0.0,0.0,0.0,3169.44
12102,Berariazko osagarria,2018,32700,02,21801.5,0.0,0.0,21801.5,15213.66
12102,Berariazko osagarria,2018,33000,02,110762.88,0.0,0.0,110762.88,111557.09
12102,Berariazko osagarria,2018,33210,02,19467.84,0.0,0.0,19467.84,41037.83
12102,Berariazko osagarria,2018,33220,02,0.0,0.0,0.0,0.0,42814.2
12102,Berariazko osagarria,2018,33510,02,0.0,0.0,0.0,0.0,25214.13
12102,Berariazko osagarria,2018,33520,02,22005.48,0.0,0.0,22005.48,72599.45
12102,Berariazko osagarria,2018,33720,02,23446.92,0.0,0.0,23446.92,33750.66
12102,Berariazko osagarria,2018,49110,02,38021.55,0.0,0.0,38021.55,172546.09
12102,Berariazko osagarria,2018,92000,02,0.0,0.0,0.0,0.0,5011.56
12102,Berariazko osagarria,2018,92010,02,0.0,0.0,0.0,0.0,16240.61
12102,Berariazko osagarria,2018,92030,02,0.0,0.0,0.0,0.0,93738.47
12102,Berariazko osagarria,2018,92040,02,0.0,0.0,0.0,0.0,26656.31
12102,Berariazko osagarria,2018,93100,02,0.0,0.0,0.0,0.0,31442.61
12102,Berariazko osagarria,2018,93220,02,0.0,0.0,0.0,0.0,16645.8
12102,Berariazko osagarria,2018,93300,02,0.0,0.0,0.0,0.0,53402.84
12103,Produktibitate osagarria,2016,92030,02,0.0,154501.98,0.0,154501.98,0.0
12103,Produktibitate osagarria,2017,92030,02,0.0,195498.02,0.0,195498.02,0.0
13001,Oinarrizko ordainketak,2018,13000,02,0.0,0.0,0.0,0.0,53493.28
13001,Oinarrizko ordainketak,2018,15126,02,16322.91,0.0,0.0,16322.91,8431.02
13001,Oinarrizko ordainketak,2018,33000,02,9573.34,0.0,0.0,9573.34,6018.85
13001,Oinarrizko ordainketak,2018,92000,02,15024.52,0.0,0.0,15024.52,5401.66
13002,Bestelako ordainsariak,2018,13000,02,0.0,0.0,0.0,0.0,2305.13
13002,Bestelako ordainsariak,2018,15126,02,19868.1,0.0,0.0,19868.1,12242.53
13002,Bestelako ordainsariak,2018,33000,02,12457.34,0.0,0.0,12457.34,9720.45
13002,Bestelako ordainsariak,2018,92000,02,18611.6,0.0,0.0,18611.6,18624.13
13101,Aldi baterako laborala,2018,13000,02,20000.0,0.0,0.0,20000.0,1902.3
13101,Aldi baterako laborala,2018,15121,02,0.0,0.0,0.0,0.0,8346.08
13101,Aldi baterako laborala,2018,15122,02,0.0,0.0,0.0,0.0,3991.1
13101,Aldi baterako laborala,2018,15123,02,0.0,0.0,0.0,0.0,4091.64
13101,Aldi baterako laborala,2018,15124,02,0.0,0.0,0.0,0.0,4212.04
13101,Aldi baterako laborala,2018,15125,02,0.0,0.0,0.0,0.0,4065.7
13101,Aldi baterako laborala,2018,15126,02,0.0,0.0,0.0,0.0,2038.89
13101,Aldi baterako laborala,2018,16100,02,0.0,0.0,0.0,0.0,4251.04
13101,Aldi baterako laborala,2018,16500,02,0.0,0.0,0.0,0.0,3834.09
13101,Aldi baterako laborala,2018,17100,02,7927.32,0.0,0.0,7927.32,9488.34
13101,Aldi baterako laborala,2018,23000,02,9116.62,0.0,0.0,9116.62,0.0
13101,Aldi baterako laborala,2018,23100,02,0.0,0.0,0.0,0.0,5914.56
13101,Aldi baterako laborala,2018,23110,02,138428.38,0.0,0.0,138428.38,72380.09
13101,Aldi baterako laborala,2018,23170,02,20611.26,0.0,0.0,20611.26,10600.26
13101,Aldi baterako laborala,2018,32700,02,0.0,0.0,0.0,0.0,100.0
13101,Aldi baterako laborala,2018,33000,02,0.0,0.0,0.0,0.0,1358.2
13101,Aldi baterako laborala,2018,33800,02,13000.0,0.0,0.0,13000.0,8947.2
13101,Aldi baterako laborala,2018,93220,02,3631.58,0.0,0.0,3631.58,2414.7
13102,Aldi baterako laborala,2018,13000,02,0.0,0.0,0.0,0.0,12424.65
13102,Aldi baterako laborala,2018,15120,02,0.0,0.0,0.0,0.0,0.0
13102,Aldi baterako laborala,2018,15121,02,0.0,0.0,0.0,0.0,26097.1
13102,Aldi baterako laborala,2018,15122,02,0.0,0.0,0.0,0.0,12325.41
13102,Aldi baterako laborala,2018,15123,02,0.0,0.0,0.0,0.0,13191.61
13102,Aldi baterako laborala,2018,15124,02,0.0,0.0,0.0,0.0,13122.08
13102,Aldi baterako laborala,2018,15125,02,0.0,0.0,0.0,0.0,12515.6
13102,Aldi baterako laborala,2018,15126,02,0.0,0.0,0.0,0.0,3064.64
13102,Aldi baterako laborala,2018,16100,02,0.0,0.0,0.0,0.0,13986.35
13102,Aldi baterako laborala,2018,16500,02,0.0,0.0,0.0,0.0,14339.4
13102,Aldi baterako laborala,2018,17100,02,18713.94,0.0,0.0,18713.94,28426.14
13102,Aldi baterako laborala,2018,23000,02,18611.6,0.0,0.0,18611.6,0.0
13102,Aldi baterako laborala,2018,23100,02,0.0,0.0,0.0,0.0,14938.2
13102,Aldi baterako laborala,2018,23110,02,200843.72,0.0,0.0,200843.72,158452.59
13102,Aldi baterako laborala,2018,23170,02,27002.36,0.0,0.0,27002.36,19245.0
13102,Aldi baterako laborala,2018,33000,02,0.0,0.0,0.0,0.0,2367.02
13102,Aldi baterako laborala,2018,93220,02,5819.84,0.0,0.0,5819.84,4417.1
14102,Beste pertsonala,2018,92030,02,430043.11,0.0,0.0,430043.11,0.0
16001,Gizarte segurantza,2018,13000,02,1066039.0,0.0,0.0,1066039.0,656340.92
16001,Gizarte segurantza,2018,15000,02,203892.09,0.0,0.0,203892.09,91265.15
16001,Gizarte segurantza,2018,15110,02,22103.48,0.0,0.0,22103.48,15386.38
16001,Gizarte segurantza,2018,15120,02,65666.09,0.0,0.0,65666.09,44715.42
16001,Gizarte segurantza,2018,15121,02,97384.42,0.0,0.0,97384.42,64418.31
16001,Gizarte segurantza,2018,15122,02,83033.56,0.0,0.0,83033.56,75270.65
16001,Gizarte segurantza,2018,15123,02,34943.34,0.0,0.0,34943.34,36039.88
16001,Gizarte segurantza,2018,15124,02,17266.94,0.0,0.0,17266.94,20820.7
16001,Gizarte segurantza,2018,15125,02,36791.4,0.0,0.0,36791.4,28593.62
16001,Gizarte segurantza,2018,15126,02,62970.72,0.0,0.0,62970.72,44284.18
16001,Gizarte segurantza,2018,16100,02,57735.12,0.0,0.0,57735.12,54971.5
16001,Gizarte segurantza,2018,16500,02,56583.71,0.0,0.0,56583.71,53586.99
16001,Gizarte segurantza,2018,17000,02,42391.0,0.0,0.0,42391.0,12569.14
16001,Gizarte segurantza,2018,17100,02,44333.12,0.0,0.0,44333.12,38080.42
16001,Gizarte segurantza,2018,23000,02,109924.07,0.0,0.0,109924.07,10816.66
16001,Gizarte segurantza,2018,23100,02,36140.37,0.0,0.0,36140.37,89685.98
16001,Gizarte segurantza,2018,23110,02,115973.24,0.0,0.0,115973.24,75150.35
16001,Gizarte segurantza,2018,23150,02,18264.46,0.0,0.0,18264.46,9681.61
16001,Gizarte segurantza,2018,23160,02,35803.08,0.0,0.0,35803.08,25894.51
16001,Gizarte segurantza,2018,23170,02,68908.79,0.0,0.0,68908.79,32365.67
16001,Gizarte segurantza,2018,23180,02,61813.07,0.0,0.0,61813.07,39444.4
16001,Gizarte segurantza,2018,32000,02,70205.07,0.0,0.0,70205.07,54145.46
16001,Gizarte segurantza,2018,32700,02,20439.73,0.0,0.0,20439.73,14210.84
16001,Gizarte segurantza,2018,33000,02,112222.74,0.0,0.0,112222.74,78138.79
16001,Gizarte segurantza,2018,33210,02,75539.56,0.0,0.0,75539.56,53357.83
16001,Gizarte segurantza,2018,33220,02,43804.99,0.0,0.0,43804.99,33441.38
16001,Gizarte segurantza,2018,33510,02,71681.02,0.0,0.0,71681.02,27001.95
16001,Gizarte segurantza,2018,33520,02,131382.68,0.0,0.0,131382.68,86393.48
16001,Gizarte segurantza,2018,33720,02,18643.55,0.0,0.0,18643.55,15657.61
16001,Gizarte segurantza,2018,33800,02,0.0,0.0,0.0,0.0,2900.04
16001,Gizarte segurantza,2018,34000,02,37581.08,0.0,0.0,37581.08,23346.52
16001,Gizarte segurantza,2018,49110,02,201338.19,0.0,0.0,201338.19,148859.4
16001,Gizarte segurantza,2018,91200,02,130828.0,0.0,0.0,130828.0,105829.85
16001,Gizarte segurantza,2018,92000,02,60476.59,0.0,0.0,60476.59,32270.87
16001,Gizarte segurantza,2018,92010,02,36641.02,0.0,0.0,36641.02,29782.09
16001,Gizarte segurantza,2018,92030,02,88716.63,0.0,0.0,88716.63,83862.81
16001,Gizarte segurantza,2018,92040,02,15476.69,0.0,0.0,15476.69,10166.47
16001,Gizarte segurantza,2018,93100,02,50991.06,0.0,0.0,50991.06,34016.46
16001,Gizarte segurantza,2018,93210,02,46277.32,0.0,0.0,46277.32,32123.92
16001,Gizarte segurantza,2018,93220,02,70342.07,0.0,0.0,70342.07,48098.23
16001,Gizarte segurantza,2018,93300,02,54249.98,0.0,0.0,54249.98,42755.62
16001,Gizarte segurantza,2018,93400,02,30634.96,0.0,0.0,30634.96,16205.78
16004,Elkarkidetzaren kuotak,2018,22100,02,275000.0,0.0,0.0,275000.0,201256.36
16103,Erretiro aurreratuen kalte-ordainak,2018,22100,02,215000.0,0.0,0.0,215000.0,226820.97
16201,Prestakuntza,2017,92030,02,0.0,6800.0,0.0,6800.0,6800.0
16201,Prestakuntza,2018,92030,02,45000.0,0.0,0.0,45000.0,30017.33
16205,Aseguruak,2016,92030,02,0.0,0.0,0.0,0.0,0.0
16205,Aseguruak,2017,92030,02,0.0,0.0,0.0,0.0,0.0
16205,Aseguruak,2018,92030,02,80000.0,0.0,0.0,80000.0,74421.97
20101,Eraikinak eta bestelako eraikuntzak,2017,13000,12,0.0,0.0,0.0,0.0,0.0
20101,Eraikinak eta bestelako eraikuntzak,2018,13000,12,8000.0,0.0,0.0,8000.0,3531.75
21001,Azpiegitura eta ondasun naturalak,2017,15000,09,0.0,26111.4,0.0,26111.4,25225.68
21001,Azpiegitura eta ondasun naturalak,2017,17100,09,0.0,0.0,0.0,0.0,0.0
21001,Azpiegitura eta ondasun naturalak,2018,15120,09,198000.0,0.0,0.0,198000.0,75918.46
21001,Azpiegitura eta ondasun naturalak,2018,16000,09,600000.0,0.0,0.0,600000.0,393184.61
21001,Azpiegitura eta ondasun naturalak,2018,16600,09,505000.0,0.0,0.0,505000.0,327455.72
21001,Azpiegitura eta ondasun naturalak,2018,17100,09,60000.0,0.0,0.0,60000.0,38487.53
21002,Azpiegitura eta ondasun naturalak,2017,15000,09,0.0,10863.54,0.0,10863.54,10863.54
21002,Azpiegitura eta ondasun naturalak,2018,15120,09,53500.0,0.0,0.0,53500.0,31871.42
21101,Eraikinak eta bestelako eraikuntzak,2017,33300,09,0.0,0.0,0.0,0.0,0.0
21101,Eraikinak eta bestelako eraikuntzak,2017,33301,09,0.0,0.0,0.0,0.0,0.0
21101,Eraikinak eta bestelako eraikuntzak,2017,93300,09,0.0,5626.5,0.0,5626.5,0.0
21101,Eraikinak eta bestelako eraikuntzak,2018,15120,09,85000.0,0.0,0.0,85000.0,91644.31
21101,Eraikinak eta bestelako eraikuntzak,2018,17100,05,5000.0,0.0,0.0,5000.0,3078.57
21101,Eraikinak eta bestelako eraikuntzak,2018,23000,09,4000.0,0.0,0.0,4000.0,3767.47
21101,Eraikinak eta bestelako eraikuntzak,2018,23160,09,7000.0,0.0,0.0,7000.0,1498.43
21101,Eraikinak eta bestelako eraikuntzak,2018,32300,09,5000.0,0.0,0.0,5000.0,4768.56
21101,Eraikinak eta bestelako eraikuntzak,2018,33300,09,2000.0,0.0,0.0,2000.0,1253.87
21101,Eraikinak eta bestelako eraikuntzak,2018,33310,09,8000.0,0.0,0.0,8000.0,8007.67
21101,Eraikinak eta bestelako eraikuntzak,2018,33340,09,2000.0,0.0,0.0,2000.0,0.0
21101,Eraikinak eta bestelako eraikuntzak,2018,33720,09,4000.0,0.0,0.0,4000.0,21.93
21101,Eraikinak eta bestelako eraikuntzak,2018,92910,09,1500.0,0.0,0.0,1500.0,470.28
21101,Eraikinak eta bestelako eraikuntzak,2018,93300,09,200000.0,0.0,0.0,200000.0,101556.09
21102,Elkarteen lokalak,2017,15000,09,0.0,0.0,0.0,0.0,0.0
21102,Elkarteen lokalak,2017,93300,09,0.0,8585.56,0.0,8585.56,5151.74
21102,Elkarteen lokalak,2018,33730,09,8000.0,0.0,0.0,8000.0,17460.09
21102,Elkarteen lokalak,2018,93300,09,60000.0,0.0,0.0,60000.0,6470.88
21103,Igogilu eta beste mantenua,2017,15000,09,0.0,9838.92,0.0,9838.92,9838.92
21104,"Itzalgailuak, klimatizazioa, etab mantenua",2017,15000,09,0.0,0.0,0.0,0.0,0.0
21200,"Makineria, instalazioa eta tresneria",2018,13000,09,11000.0,0.0,0.0,11000.0,9193.0
21200,"Makineria, instalazioa eta tresneria",2018,15340,09,72466.0,0.0,0.0,72466.0,29156.78
21200,"Makineria, instalazioa eta tresneria",2018,23000,09,2500.0,0.0,0.0,2500.0,1034.29
21200,"Makineria, instalazioa eta tresneria",2018,32300,09,42000.0,0.0,0.0,42000.0,19660.27
21200,"Makineria, instalazioa eta tresneria",2018,33210,09,5000.0,0.0,0.0,5000.0,1591.34
21200,"Makineria, instalazioa eta tresneria",2018,33300,09,3000.0,0.0,0.0,3000.0,3592.41
21200,"Makineria, instalazioa eta tresneria",2018,33310,09,15000.0,0.0,0.0,15000.0,11257.62
21200,"Makineria, instalazioa eta tresneria",2018,33320,09,7000.0,0.0,0.0,7000.0,1421.29
21200,"Makineria, instalazioa eta tresneria",2018,33340,09,3000.0,0.0,0.0,3000.0,1934.65
21200,"Makineria, instalazioa eta tresneria",2018,33710,09,13000.0,0.0,0.0,13000.0,4058.68
21200,"Makineria, instalazioa eta tresneria",2018,33720,09,2000.0,0.0,0.0,2000.0,2322.54
21200,"Makineria, instalazioa eta tresneria",2018,34200,09,18900.0,0.0,0.0,18900.0,10985.24
21200,"Makineria, instalazioa eta tresneria",2018,92000,09,14500.0,0.0,0.0,14500.0,13144.59
21200,"Makineria, instalazioa eta tresneria",2018,93300,09,3000.0,0.0,0.0,3000.0,3260.02
21201,"Makineria, instalazioak eta tresneria",2017,13300,12,0.0,0.0,0.0,0.0,0.0
21201,"Makineria, instalazioak eta tresneria",2018,13000,12,12500.0,0.0,0.0,12500.0,4215.4
21201,"Makineria, instalazioak eta tresneria",2018,13300,12,34000.0,0.0,0.0,34000.0,24282.27
21201,"Makineria, instalazioak eta tresneria",2018,15120,09,5000.0,0.0,0.0,5000.0,8190.36
21201,"Makineria, instalazioak eta tresneria",2018,16100,09,32000.0,0.0,0.0,32000.0,13026.1
21201,"Makineria, instalazioak eta tresneria",2018,16500,09,40000.0,0.0,0.0,40000.0,27121.88
21201,"Makineria, instalazioak eta tresneria",2018,23000,07,2450.0,0.0,0.0,2450.0,0.0
21201,"Makineria, instalazioak eta tresneria",2018,34210,15,49000.0,0.0,0.0,49000.0,57987.59
21201,"Makineria, instalazioak eta tresneria",2018,34220,15,16000.0,0.0,0.0,16000.0,20121.67
21301,Garraio-materiala,2018,13000,12,30000.0,0.0,0.0,30000.0,22196.16
21301,Garraio-materiala,2018,15120,09,45000.0,0.0,0.0,45000.0,40779.33
21301,Garraio-materiala,2018,16100,09,3000.0,0.0,0.0,3000.0,2725.05
22001,Material arrunt ez-inbentariagarria,2017,33220,17,0.0,1000.0,0.0,1000.0,1000.0
22001,Material arrunt ez-inbentariagarria,2017,92010,19,0.0,828.03,0.0,828.03,828.03
22001,Material arrunt ez-inbentariagarria,2018,13000,17,6300.0,0.0,0.0,6300.0,6648.16
22001,Material arrunt ez-inbentariagarria,2018,13500,17,950.0,0.0,0.0,950.0,0.0
22001,Material arrunt ez-inbentariagarria,2018,15000,17,6400.0,0.0,0.0,6400.0,3639.17
22001,Material arrunt ez-inbentariagarria,2018,17000,17,500.0,0.0,0.0,500.0,0.0
22001,Material arrunt ez-inbentariagarria,2018,23000,17,4000.0,0.0,0.0,4000.0,1801.38
22001,Material arrunt ez-inbentariagarria,2018,32000,17,200.0,0.0,0.0,200.0,169.16
22001,Material arrunt ez-inbentariagarria,2018,32700,17,200.0,0.0,0.0,200.0,0.0
22001,Material arrunt ez-inbentariagarria,2018,33000,17,5000.0,0.0,0.0,5000.0,1769.33
22001,Material arrunt ez-inbentariagarria,2018,33210,17,3000.0,0.0,0.0,3000.0,2206.22
22001,Material arrunt ez-inbentariagarria,2018,33220,17,10000.0,0.0,0.0,10000.0,1049.76
22001,Material arrunt ez-inbentariagarria,2018,33510,17,1000.0,0.0,0.0,1000.0,599.6
22001,Material arrunt ez-inbentariagarria,2018,33520,17,3000.0,0.0,0.0,3000.0,1023.7
22001,Material arrunt ez-inbentariagarria,2018,33720,17,200.0,0.0,0.0,200.0,0.0
22001,Material arrunt ez-inbentariagarria,2018,34000,17,600.0,0.0,0.0,600.0,0.0
22001,Material arrunt ez-inbentariagarria,2018,43200,17,18000.0,0.0,0.0,18000.0,14893.84
22001,Material arrunt ez-inbentariagarria,2018,91200,17,2500.0,0.0,0.0,2500.0,44.99
22001,Material arrunt ez-inbentariagarria,2018,92000,17,6900.0,0.0,0.0,6900.0,1821.51
22001,Material arrunt ez-inbentariagarria,2018,92010,17,200.0,0.0,0.0,200.0,0.0
22001,Material arrunt ez-inbentariagarria,2018,92010,19,14000.0,0.0,0.0,14000.0,5475.43
22001,Material arrunt ez-inbentariagarria,2018,92030,17,1000.0,0.0,0.0,1000.0,1102.71
22001,Material arrunt ez-inbentariagarria,2018,92050,17,500.0,0.0,0.0,500.0,2038.18
22001,Material arrunt ez-inbentariagarria,2018,92910,17,3000.0,0.0,0.0,3000.0,2017.79
22001,Material arrunt ez-inbentariagarria,2018,93100,17,4500.0,0.0,0.0,4500.0,3919.92
22001,Material arrunt ez-inbentariagarria,2018,93300,17,2000.0,0.0,0.0,2000.0,254.34
22002,"Prentsa, aldizkariak, liburuak eta bestelako argitarapenak",2018,13000,16,1000.0,0.0,0.0,1000.0,0.0
22002,"Prentsa, aldizkariak, liburuak eta bestelako argitarapenak",2018,15000,16,650.0,0.0,0.0,650.0,722.13
22002,"Prentsa, aldizkariak, liburuak eta bestelako argitarapenak",2018,33510,16,2000.0,0.0,0.0,2000.0,2174.06
22002,"Prentsa, aldizkariak, liburuak eta bestelako argitarapenak",2018,91200,01,2500.0,0.0,0.0,2500.0,1210.0
22002,"Prentsa, aldizkariak, liburuak eta bestelako argitarapenak",2018,92000,16,9300.0,0.0,0.0,9300.0,8639.14
22002,"Prentsa, aldizkariak, liburuak eta bestelako argitarapenak",2018,92030,16,1500.0,0.0,0.0,1500.0,1524.36
22002,"Prentsa, aldizkariak, liburuak eta bestelako argitarapenak",2018,93100,16,1400.0,0.0,0.0,1400.0,1308.57
22002,"Prentsa, aldizkariak, liburuak eta bestelako argitarapenak",2018,93300,16,700.0,0.0,0.0,700.0,486.42
22101,Energia elektrikoa,2018,13000,09,30000.0,0.0,0.0,30000.0,13144.51
22101,Energia elektrikoa,2018,15120,09,70000.0,0.0,0.0,70000.0,41517.9
22101,Energia elektrikoa,2018,16100,09,5000.0,0.0,0.0,5000.0,1466.2
22101,Energia elektrikoa,2018,16500,09,415000.0,0.0,0.0,415000.0,222688.24
22101,Energia elektrikoa,2018,17000,09,9000.0,0.0,0.0,9000.0,3508.08
22101,Energia elektrikoa,2018,23000,09,35000.0,0.0,0.0,35000.0,22157.42
22101,Energia elektrikoa,2018,32300,09,120000.0,0.0,0.0,120000.0,67780.41
22101,Energia elektrikoa,2018,33210,09,10000.0,0.0,0.0,10000.0,4617.66
22101,Energia elektrikoa,2018,33300,09,57000.0,0.0,0.0,57000.0,34404.42
22101,Energia elektrikoa,2018,33310,09,45000.0,0.0,0.0,45000.0,17747.55
22101,Energia elektrikoa,2018,33710,09,50000.0,0.0,0.0,50000.0,28261.3
22101,Energia elektrikoa,2018,33720,09,9000.0,0.0,0.0,9000.0,3430.31
22101,Energia elektrikoa,2018,33730,09,18000.0,0.0,0.0,18000.0,7874.84
22101,Energia elektrikoa,2018,34210,09,120000.0,0.0,0.0,120000.0,78951.81
22101,Energia elektrikoa,2018,34220,09,15000.0,0.0,0.0,15000.0,6800.78
22101,Energia elektrikoa,2018,34230,09,10000.0,0.0,0.0,10000.0,2792.27
22101,Energia elektrikoa,2018,92000,09,35000.0,0.0,0.0,35000.0,18415.12
22101,Energia elektrikoa,2018,92910,09,6000.0,0.0,0.0,6000.0,3109.41
22101,Energia elektrikoa,2018,93300,09,60000.0,0.0,0.0,60000.0,26814.76
22102,Ura,2018,16100,09,1050000.0,0.0,0.0,1050000.0,668162.45
22103,Gasa,2017,33730,09,0.0,0.0,0.0,0.0,0.0
22103,Gasa,2018,13000,09,18000.0,0.0,0.0,18000.0,7134.44
22103,Gasa,2018,15120,09,18000.0,0.0,0.0,18000.0,8834.19
22103,Gasa,2018,23000,09,4000.0,0.0,0.0,4000.0,2558.0
22103,Gasa,2018,23160,09,4000.0,0.0,0.0,4000.0,1737.33
22103,Gasa,2018,32300,09,120000.0,0.0,0.0,120000.0,61614.46
22103,Gasa,2018,33210,09,7000.0,0.0,0.0,7000.0,2573.01
22103,Gasa,2018,33310,09,30000.0,0.0,0.0,30000.0,12049.39
22103,Gasa,2018,33320,09,17000.0,0.0,0.0,17000.0,7211.47
22103,Gasa,2018,33710,09,30000.0,0.0,0.0,30000.0,10839.37
22103,Gasa,2018,33720,09,10000.0,0.0,0.0,10000.0,7212.51
22103,Gasa,2018,34210,09,88000.0,0.0,0.0,88000.0,33720.32
22103,Gasa,2018,34220,09,2000.0,0.0,0.0,2000.0,199.03
22103,Gasa,2018,92000,09,14000.0,0.0,0.0,14000.0,8723.66
22103,Gasa,2018,93300,09,1000.0,0.0,0.0,1000.0,798.0
22104,Erregaiak eta karburanteak,2016,33520,10,0.0,0.0,0.0,0.0,0.0
22104,Erregaiak eta karburanteak,2017,33520,09,0.0,0.0,0.0,0.0,0.0
22104,Erregaiak eta karburanteak,2018,13000,12,15000.0,0.0,0.0,15000.0,9909.97
22104,Erregaiak eta karburanteak,2018,15120,09,30000.0,0.0,0.0,30000.0,22324.47
22104,Erregaiak eta karburanteak,2018,16100,09,2000.0,0.0,0.0,2000.0,1630.0
22104,Erregaiak eta karburanteak,2018,33520,09,9000.0,0.0,0.0,9000.0,5213.47
22105,Arropak,2017,13000,12,0.0,20000.0,0.0,20000.0,20000.0
22105,Arropak,2018,13000,12,32000.0,0.0,0.0,32000.0,17563.93
22105,Arropak,2018,13500,12,0.0,9000.0,0.0,9000.0,0.0
22105,Arropak,2018,15120,09,20000.0,0.0,0.0,20000.0,15476.26
22105,Arropak,2018,16100,09,400.0,0.0,0.0,400.0,255.44
22105,Arropak,2018,23110,07,2600.0,0.0,0.0,2600.0,1146.64
22106,Elikagaiak,2018,32300,06,20000.0,0.0,0.0,20000.0,14887.22
22109,Garbiketa eta txukunketa produktuak,2018,15120,09,15000.0,0.0,0.0,15000.0,8402.58
22109,Garbiketa eta txukunketa produktuak,2018,34210,15,24000.0,0.0,0.0,24000.0,23342.79
22112,Osasun materiala,2018,92030,02,3000.0,0.0,0.0,3000.0,1424.96
22113,Beste hornidurak,2018,33400,08,6000.0,0.0,0.0,6000.0,2216.0
22199,Bestelako hornidurak,2017,23000,07,0.0,0.0,0.0,0.0,0.0
22199,Bestelako hornidurak,2017,23170,07,0.0,0.0,0.0,0.0,0.0
22199,Bestelako hornidurak,2018,13000,12,13500.0,0.0,0.0,13500.0,8858.86
22199,Bestelako hornidurak,2018,13330,12,30400.0,35000.0,0.0,65400.0,21788.32
22199,Bestelako hornidurak,2018,13500,12,10000.0,0.0,0.0,10000.0,8676.63
22199,Bestelako hornidurak,2018,15120,09,4500.0,0.0,0.0,4500.0,4477.45
22199,Bestelako hornidurak,2018,23000,07,2500.0,0.0,0.0,2500.0,289.68
22199,Bestelako hornidurak,2018,23170,07,10000.0,0.0,0.0,10000.0,4840.66
22199,Bestelako hornidurak,2018,34120,15,21000.0,0.0,0.0,21000.0,15586.55
22199,Bestelako hornidurak,2018,34210,15,50000.0,0.0,0.0,50000.0,31991.64
22199,Bestelako hornidurak,2018,34220,15,21000.0,0.0,0.0,21000.0,3141.48
22199,Bestelako hornidurak,2018,34230,15,3000.0,0.0,0.0,3000.0,2190.87
22201,Telefono bidezkoak,2018,13000,19,6900.0,0.0,0.0,6900.0,3456.69
22201,Telefono bidezkoak,2018,13500,19,800.0,0.0,0.0,800.0,431.06
22201,Telefono bidezkoak,2018,15000,19,3000.0,0.0,0.0,3000.0,1792.8
22201,Telefono bidezkoak,2018,15120,19,9000.0,0.0,0.0,9000.0,4765.34
22201,Telefono bidezkoak,2018,23000,19,6000.0,0.0,0.0,6000.0,3802.18
22201,Telefono bidezkoak,2018,32000,19,3300.0,0.0,0.0,3300.0,1305.87
22201,Telefono bidezkoak,2018,33000,19,1200.0,0.0,0.0,1200.0,662.21
22201,Telefono bidezkoak,2018,33220,19,200.0,0.0,0.0,200.0,137.09
22201,Telefono bidezkoak,2018,33310,19,1000.0,0.0,0.0,1000.0,312.83
22201,Telefono bidezkoak,2018,33320,19,100.0,0.0,0.0,100.0,44.62
22201,Telefono bidezkoak,2018,33510,19,600.0,0.0,0.0,600.0,354.78
22201,Telefono bidezkoak,2018,33720,19,800.0,0.0,0.0,800.0,322.25
22201,Telefono bidezkoak,2018,34000,19,2000.0,0.0,0.0,2000.0,1008.16
22201,Telefono bidezkoak,2018,43200,19,600.0,0.0,0.0,600.0,515.76
22201,Telefono bidezkoak,2018,91200,19,20000.0,0.0,0.0,20000.0,11977.17
22201,Telefono bidezkoak,2018,92000,19,17500.0,0.0,0.0,17500.0,0.0
22201,Telefono bidezkoak,2018,92910,19,1500.0,0.0,0.0,1500.0,989.71
22201,Telefono bidezkoak,2018,93100,19,2100.0,0.0,0.0,2100.0,1407.05
22201,Telefono bidezkoak,2018,93300,19,1500.0,0.0,0.0,1500.0,1141.76
22205,Informatikoak,2017,92010,19,0.0,0.0,0.0,0.0,0.0
22205,Informatikoak,2018,92010,19,200000.0,0.0,0.0,200000.0,143745.64
22301,Garraioak,2017,93300,17,0.0,0.0,0.0,0.0,0.0
22301,Garraioak,2018,93300,17,6500.0,0.0,0.0,6500.0,3326.38
22401,Eraikin eta lokalenak,2017,93300,17,0.0,0.0,0.0,0.0,0.0
22401,Eraikin eta lokalenak,2018,93300,17,60000.0,0.0,0.0,60000.0,64443.03
22402,Ibilgailuenak,2017,16100,09,0.0,0.0,0.0,0.0,0.0
22402,Ibilgailuenak,2018,13000,12,20200.0,0.0,0.0,20200.0,7797.31
22402,Ibilgailuenak,2018,15120,09,15000.0,0.0,0.0,15000.0,14819.57
22402,Ibilgailuenak,2018,16100,09,1000.0,0.0,0.0,1000.0,424.03
22402,Ibilgailuenak,2018,33520,10,550.0,0.0,0.0,550.0,296.86
22403,Bestelako ibilgetuarena,2018,33800,17,2500.0,0.0,0.0,2500.0,757.99
22498,Bestelako arriskuak,2018,93300,17,100000.0,0.0,0.0,100000.0,76113.22
22601,Kanonak,2017,41400,05,0.0,0.0,0.0,0.0,0.0
22601,Kanonak,2018,33510,10,1700.0,0.0,0.0,1700.0,1700.0
22601,Kanonak,2018,92200,01,4600.0,0.0,0.0,4600.0,4507.59
22601,Kanonak,2018,93300,17,50000.0,0.0,0.0,50000.0,48820.96
22602,Protokolo eta ordezkaritza gastuak,2018,91200,01,10000.0,0.0,0.0,10000.0,13473.2
22603,"Argitalpenak, publizitatea eta propaganda",2018,33400,08,30000.0,0.0,0.0,30000.0,21503.01
22603,"Argitalpenak, publizitatea eta propaganda",2018,33520,10,3000.0,0.0,0.0,3000.0,2463.92
22603,"Argitalpenak, publizitatea eta propaganda",2018,33800,08,12000.0,0.0,0.0,12000.0,9476.14
22603,"Argitalpenak, publizitatea eta propaganda",2018,91200,01,29000.0,0.0,0.0,29000.0,20572.95
22603,"Argitalpenak, publizitatea eta propaganda",2018,92000,16,23000.0,0.0,0.0,23000.0,13034.74
22604,Juridikoak,2018,92000,16,36000.0,0.0,0.0,36000.0,7298.38
22604,Juridikoak,2018,93300,17,6000.0,0.0,0.0,6000.0,5180.99
22605,Bilera eta hitzaldiak,2018,33520,10,7000.0,0.0,0.0,7000.0,6034.26
22606,Jarduera soziokulturalak,2017,32000,06,0.0,0.0,0.0,0.0,0.0
22606,Jarduera soziokulturalak,2017,33400,08,0.0,0.0,0.0,0.0,0.0
22606,Jarduera soziokulturalak,2017,33720,06,0.0,0.0,0.0,0.0,0.0
22606,Jarduera soziokulturalak,2018,32620,06,13000.0,0.0,0.0,13000.0,34451.34
22606,Jarduera soziokulturalak,2018,32710,14,40000.0,0.0,0.0,40000.0,27966.77
22606,Jarduera soziokulturalak,2018,33210,21,40000.0,0.0,0.0,40000.0,16783.32
22606,Jarduera soziokulturalak,2018,33400,08,80000.0,0.0,0.0,80000.0,62683.03
22606,Jarduera soziokulturalak,2018,33800,08,25000.0,0.0,0.0,25000.0,24800.65
22607,Beste hainbat gastu,2018,13300,02,0.0,730000.0,0.0,730000.0,219211.38
22607,Beste hainbat gastu,2018,15000,04,30000.0,0.0,0.0,30000.0,8.2
22607,Beste hainbat gastu,2018,17000,05,25000.0,0.0,0.0,25000.0,23343.57
22607,Beste hainbat gastu,2018,32710,14,15000.0,0.0,0.0,15000.0,7948.06
22607,Beste hainbat gastu,2018,33400,08,15000.0,0.0,0.0,15000.0,9280.26
22607,Beste hainbat gastu,2018,33720,06,16000.0,0.0,0.0,16000.0,1263.74
22607,Beste hainbat gastu,2018,33800,08,145000.0,0.0,0.0,145000.0,137799.7
22608,Beste hainbat gastu,2018,32300,06,2000.0,0.0,0.0,2000.0,323.5
22608,Beste hainbat gastu,2018,33400,08,310000.0,10000.0,0.0,320000.0,199589.33
22608,Beste hainbat gastu,2018,33720,06,1500.0,0.0,0.0,1500.0,787.6
22609,Beste hainbat gastu,2018,17220,05,10000.0,0.0,0.0,10000.0,0.0
22609,Beste hainbat gastu,2018,33400,08,65000.0,0.0,0.0,65000.0,57485.5
22609,Beste hainbat gastu,2018,33720,06,7000.0,0.0,0.0,7000.0,8795.45
22610,Beste hainbat gastu,2018,33400,08,25000.0,5000.0,0.0,30000.0,34.6
22610,Beste hainbat gastu,2018,33720,06,3500.0,0.0,0.0,3500.0,5288.37
22611,Beste hainbat gastu,2018,33400,08,5000.0,0.0,0.0,5000.0,5745.31
22611,Beste hainbat gastu,2018,33720,06,2600.0,0.0,0.0,2600.0,1532.12
22612,Beste hainbat gastu,2018,43110,05,25000.0,0.0,0.0,25000.0,0.0
22695,Beste hainbat gastu,2017,33400,08,0.0,0.0,0.0,0.0,0.0
22695,Beste hainbat gastu,2018,23150,13,19000.0,0.0,0.0,19000.0,1248.57
22696,Beste hainbat gastu,2018,23150,13,8000.0,0.0,0.0,8000.0,4880.26
22697,Beste hainbat gastu,2017,23150,13,0.0,0.0,0.0,0.0,0.0
22697,Beste hainbat gastu,2017,33400,08,0.0,0.0,0.0,0.0,0.0
22697,Beste hainbat gastu,2018,23150,13,28660.0,0.0,0.0,28660.0,18102.03
22697,Beste hainbat gastu,2018,23170,07,5500.0,0.0,0.0,5500.0,851.0
22697,Beste hainbat gastu,2018,32710,01,10000.0,0.0,0.0,10000.0,2060.56
22698,Beste hainbat gastu,2017,23150,13,0.0,0.0,0.0,0.0,0.0
22698,Beste hainbat gastu,2017,23170,07,0.0,1753.53,0.0,1753.53,1753.53
22698,Beste hainbat gastu,2017,33400,08,0.0,0.0,0.0,0.0,0.0
22698,Beste hainbat gastu,2017,92030,02,0.0,0.0,0.0,0.0,0.0
22698,Beste hainbat gastu,2018,23150,13,10000.0,0.0,0.0,10000.0,3413.28
22698,Beste hainbat gastu,2018,23170,07,3200.0,0.0,0.0,3200.0,0.0
22698,Beste hainbat gastu,2018,43200,01,5000.0,0.0,0.0,5000.0,0.0
22698,Beste hainbat gastu,2018,92030,02,21000.0,0.0,0.0,21000.0,12438.65
22699,Beste hainbat gastu,2017,23160,07,0.0,0.0,0.0,0.0,0.0
22699,Beste hainbat gastu,2017,23170,07,0.0,3200.0,0.0,3200.0,3200.0
22699,Beste hainbat gastu,2017,32702,01,0.0,3872.0,0.0,3872.0,3872.0
22699,Beste hainbat gastu,2017,33220,18,0.0,0.0,0.0,0.0,0.0
22699,Beste hainbat gastu,2017,33510,10,0.0,0.0,0.0,0.0,0.0
22699,Beste hainbat gastu,2017,33800,08,0.0,0.0,0.0,0.0,0.0
22699,Beste hainbat gastu,2018,13000,12,10600.0,0.0,0.0,10600.0,4377.26
22699,Beste hainbat gastu,2018,23150,13,17000.0,0.0,0.0,17000.0,5393.74
22699,Beste hainbat gastu,2018,31100,07,5000.0,0.0,0.0,5000.0,2516.14
22699,Beste hainbat gastu,2018,32720,01,20000.0,0.0,0.0,20000.0,2281.36
22699,Beste hainbat gastu,2018,33220,18,7000.0,0.0,0.0,7000.0,421.16
22699,Beste hainbat gastu,2018,33510,10,41500.0,0.0,0.0,41500.0,10050.51
22699,Beste hainbat gastu,2018,92030,02,25000.0,0.0,0.0,25000.0,6094.34
22699,Beste hainbat gastu,2018,93300,17,0.0,0.0,0.0,0.0,843.75
22701,Garbiketa,2016,17000,05,0.0,0.0,0.0,0.0,0.0
22701,Garbiketa,2016,93300,09,0.0,0.0,0.0,0.0,0.0
22701,Garbiketa,2017,13000,09,0.0,0.0,0.0,0.0,0.0
22701,Garbiketa,2017,15000,09,0.0,0.0,0.0,0.0,0.0
22701,Garbiketa,2017,16300,09,0.0,0.0,0.0,0.0,0.0
22701,Garbiketa,2017,17100,09,0.0,0.0,0.0,0.0,0.0
22701,Garbiketa,2017,23000,09,0.0,0.0,0.0,0.0,0.0
22701,Garbiketa,2017,32300,09,0.0,0.0,0.0,0.0,0.0
22701,Garbiketa,2017,33210,09,0.0,0.0,0.0,0.0,0.0
22701,Garbiketa,2017,33300,09,0.0,0.0,0.0,0.0,0.0
22701,Garbiketa,2017,33310,09,0.0,0.0,0.0,0.0,0.0
22701,Garbiketa,2017,33320,09,0.0,0.0,0.0,0.0,0.0
22701,Garbiketa,2017,33710,09,0.0,0.0,0.0,0.0,0.0
22701,Garbiketa,2017,33720,09,0.0,0.0,0.0,0.0,0.0
22701,Garbiketa,2017,34000,09,0.0,0.0,0.0,0.0,0.0
22701,Garbiketa,2017,92000,09,0.0,0.0,0.0,0.0,0.0
22701,Garbiketa,2017,92030,09,0.0,0.0,0.0,0.0,0.0
22701,Garbiketa,2017,92910,09,0.0,0.0,0.0,0.0,0.0
22701,Garbiketa,2017,93300,09,0.0,0.0,0.0,0.0,0.0
22701,Garbiketa,2018,13000,09,136801.0,0.0,0.0,136801.0,102600.0
22701,Garbiketa,2018,15120,09,7914.0,0.0,0.0,7914.0,4242.65
22701,Garbiketa,2018,16300,09,2059147.0,0.0,0.0,2059147.0,1544359.86
22701,Garbiketa,2018,17100,09,520000.0,0.0,0.0,520000.0,380260.17
22701,Garbiketa,2018,23000,09,37800.0,0.0,0.0,37800.0,28350.0
22701,Garbiketa,2018,32300,09,539687.0,0.0,0.0,539687.0,403528.32
22701,Garbiketa,2018,33210,09,51297.0,0.0,0.0,51297.0,34197.36
22701,Garbiketa,2018,33300,09,14127.0,0.0,0.0,14127.0,6734.24
22701,Garbiketa,2018,33310,09,105432.0,0.0,0.0,105432.0,70287.98
22701,Garbiketa,2018,33320,09,42320.0,0.0,0.0,42320.0,28212.82
22701,Garbiketa,2018,33710,09,102151.0,0.0,0.0,102151.0,76612.5
22701,Garbiketa,2018,33720,09,32519.0,0.0,0.0,32519.0,21678.72
22701,Garbiketa,2018,34210,09,33250.0,0.0,0.0,33250.0,21713.81
22701,Garbiketa,2018,34220,09,18871.0,0.0,0.0,18871.0,19766.17
22701,Garbiketa,2018,92000,09,137251.0,0.0,0.0,137251.0,102937.5
22701,Garbiketa,2018,92030,09,6533.0,0.0,0.0,6533.0,4153.33
22701,Garbiketa,2018,92910,09,6533.0,0.0,0.0,6533.0,4153.33
22701,Garbiketa,2018,93300,09,22076.0,0.0,0.0,22076.0,16556.73
22701,Garbiketa,2018,93300,17,3000.0,0.0,0.0,3000.0,2140.79
22702,Segurtasuna,2017,13000,12,0.0,0.0,0.0,0.0,0.0
22702,Segurtasuna,2017,15000,09,0.0,514.89,0.0,514.89,514.89
22702,Segurtasuna,2017,33320,08,0.0,0.0,0.0,0.0,0.0
22702,Segurtasuna,2017,92000,09,0.0,0.0,0.0,0.0,0.0
22702,Segurtasuna,2018,13000,12,10000.0,0.0,0.0,10000.0,2097.52
22702,Segurtasuna,2018,15110,04,25000.0,0.0,0.0,25000.0,0.0
22702,Segurtasuna,2018,15120,09,25779.0,0.0,0.0,25779.0,15105.03
22702,Segurtasuna,2018,92000,09,5500.0,0.0,0.0,5500.0,2064.02
22703,Balorazio eta peritu-lanak,2017,17000,05,0.0,9750.0,0.0,9750.0,9750.0
22703,Balorazio eta peritu-lanak,2018,17000,05,25000.0,0.0,0.0,25000.0,0.0
22703,Balorazio eta peritu-lanak,2018,17210,04,500.0,0.0,0.0,500.0,0.0
22704,Kontratu soziokulturalak,2017,17000,05,0.0,0.0,0.0,0.0,0.0
22704,Kontratu soziokulturalak,2017,23100,07,0.0,0.0,0.0,0.0,0.0
22704,Kontratu soziokulturalak,2017,33210,18,0.0,0.0,0.0,0.0,0.0
22704,Kontratu soziokulturalak,2017,33220,18,0.0,1089.0,0.0,1089.0,1089.0
22704,Kontratu soziokulturalak,2017,33320,08,0.0,1234.67,0.0,1234.67,1234.67
22704,Kontratu soziokulturalak,2017,33720,06,0.0,0.0,0.0,0.0,0.0
22704,Kontratu soziokulturalak,2017,34000,15,0.0,0.0,0.0,0.0,0.0
22704,Kontratu soziokulturalak,2018,15330,09,20000.0,0.0,0.0,20000.0,5968.22
22704,Kontratu soziokulturalak,2018,17000,05,21000.0,0.0,0.0,21000.0,10083.36
22704,Kontratu soziokulturalak,2018,33210,21,3000.0,0.0,0.0,3000.0,2166.66
22704,Kontratu soziokulturalak,2018,33720,06,525000.0,0.0,0.0,525000.0,393416.92
22704,Kontratu soziokulturalak,2018,34110,15,4000.0,0.0,0.0,4000.0,4000.0
22704,Kontratu soziokulturalak,2018,34130,15,77100.0,0.0,0.0,77100.0,64575.42
22704,Kontratu soziokulturalak,2018,34140,15,15000.0,0.0,0.0,15000.0,10128.36
22704,Kontratu soziokulturalak,2018,49200,18,32000.0,0.0,0.0,32000.0,13837.68
22705,"Zaintza, gordailuak eta biltegiratzea",2017,31100,12,0.0,12397.6,0.0,12397.6,12397.6
22705,"Zaintza, gordailuak eta biltegiratzea",2017,33400,08,0.0,0.0,0.0,0.0,0.0
22705,"Zaintza, gordailuak eta biltegiratzea",2018,31100,12,40000.0,0.0,0.0,40000.0,20990.96
22706,Hauteskunde prozesuak,2017,33400,08,0.0,0.0,0.0,0.0,0.0
22707,Azterketa eta lan teknikoak,2016,92050,20,0.0,0.0,0.0,0.0,0.0
22707,Azterketa eta lan teknikoak,2017,17000,05,0.0,10769.0,0.0,10769.0,10769.0
22707,Azterketa eta lan teknikoak,2017,91200,16,0.0,4356.0,0.0,4356.0,4356.0
22707,Azterketa eta lan teknikoak,2017,92050,20,0.0,9000.0,0.0,9000.0,0.0
22707,Azterketa eta lan teknikoak,2018,17000,05,3000.0,0.0,0.0,3000.0,0.0
22707,Azterketa eta lan teknikoak,2018,17210,05,22000.0,0.0,0.0,22000.0,0.0
22707,Azterketa eta lan teknikoak,2018,23000,01,0.0,5115.0,0.0,5115.0,0.0
22707,Azterketa eta lan teknikoak,2018,23100,13,0.0,20000.0,0.0,20000.0,0.0
22707,Azterketa eta lan teknikoak,2018,33220,18,0.0,20000.0,0.0,20000.0,0.0
22707,Azterketa eta lan teknikoak,2018,92000,16,5000.0,0.0,0.0,5000.0,0.0
22707,Azterketa eta lan teknikoak,2018,92050,20,75000.0,0.0,0.0,75000.0,61649.15
22707,Azterketa eta lan teknikoak,2018,93100,03,35000.0,0.0,0.0,35000.0,27043.5
22709,Entitatearen aldeko bilketa zerbitzuak,2017,93200,03,0.0,0.0,0.0,0.0,0.0
22709,Entitatearen aldeko bilketa zerbitzuak,2018,93200,03,23000.0,0.0,0.0,23000.0,11580.2
22710,Posta zerbitzuak,2018,17210,05,23000.0,0.0,0.0,23000.0,363.0
22710,Posta zerbitzuak,2018,92000,16,81500.0,0.0,0.0,81500.0,46262.97
22711,Kanpoko bestelako lanak,2017,16220,09,0.0,0.0,0.0,0.0,0.0
22711,Kanpoko bestelako lanak,2017,33310,08,0.0,0.0,0.0,0.0,0.0
22711,Kanpoko bestelako lanak,2018,16210,09,1108772.0,0.0,0.0,1108772.0,831578.31
22711,Kanpoko bestelako lanak,2018,23160,07,1000.0,0.0,0.0,1000.0,271.0
22711,Kanpoko bestelako lanak,2018,33340,08,32250.0,0.0,0.0,32250.0,18247.19
22711,Kanpoko bestelako lanak,2018,33520,10,7000.0,0.0,0.0,7000.0,163.36
22712,Kanpoko bestelako lanak,2016,23160,07,0.0,0.0,0.0,0.0,0.0
22712,Kanpoko bestelako lanak,2017,23160,07,0.0,8580.0,0.0,8580.0,1050.0
22712,Kanpoko bestelako lanak,2018,23180,07,264000.0,0.0,0.0,264000.0,65170.38
22713,Kanpoko bestelako lanak,2017,92010,19,0.0,7783.59,0.0,7783.59,7783.59
22713,Kanpoko bestelako lanak,2018,23160,07,532510.0,0.0,0.0,532510.0,352460.48
22713,Kanpoko bestelako lanak,2018,33320,08,19350.0,0.0,0.0,19350.0,7497.68
22713,Kanpoko bestelako lanak,2018,33520,10,2500.0,0.0,0.0,2500.0,0.0
22714,Kanpoko bestelako lanak,2018,23160,07,70000.0,0.0,0.0,70000.0,43149.14
22714,Kanpoko bestelako lanak,2018,33400,08,52000.0,0.0,0.0,52000.0,37971.17
22714,Kanpoko bestelako lanak,2018,33510,10,9500.0,0.0,0.0,9500.0,1480.33
22715,Kanpoko bestelako lanak,2017,33510,10,0.0,0.0,0.0,0.0,0.0
22715,Kanpoko bestelako lanak,2018,23170,07,15960.0,0.0,0.0,15960.0,0.0
22715,Kanpoko bestelako lanak,2018,33400,08,40000.0,0.0,0.0,40000.0,29427.73
22715,Kanpoko bestelako lanak,2018,33510,10,57000.0,0.0,0.0,57000.0,31003.99
22716,Kanpoko bestelako lanak,2018,23160,07,32670.0,0.0,0.0,32670.0,26715.11
22716,Kanpoko bestelako lanak,2018,33400,08,70000.0,0.0,0.0,70000.0,38967.4
22717,Kanpoko bestelako lanak,2018,23170,07,98500.0,0.0,0.0,98500.0,18031.75
22717,Kanpoko bestelako lanak,2018,33400,08,118000.0,0.0,0.0,118000.0,89388.36
22718,Kanpoko bestelako lanak: 3. adina,2018,23170,07,154980.0,0.0,0.0,154980.0,103868.9
22718,Kanpoko bestelako lanak: 3. adina,2018,33400,08,30000.0,0.0,0.0,30000.0,0.0
22794,Kanpoko bestelako lanak: etxez etxeko laguntza,2018,23110,07,1235000.0,0.0,0.0,1235000.0,891482.77
22795,Kanpoko bestelako lanak,2018,17210,05,15000.0,0.0,0.0,15000.0,12151.29
22796,Kanpoko bestelako lanak,2018,17200,05,100000.0,0.0,0.0,100000.0,24436.36
22797,Kanpoko bestelako lanak,2017,23100,07,0.0,0.0,0.0,0.0,0.0
22797,Kanpoko bestelako lanak,2018,41400,05,6000.0,0.0,0.0,6000.0,6000.0
22798,Kanpoko bestelako lanak,2017,23100,07,0.0,0.0,0.0,0.0,0.0
22798,Kanpoko bestelako lanak,2018,16230,05,177000.0,0.0,0.0,177000.0,242022.35
22798,Kanpoko bestelako lanak,2018,33720,06,10000.0,0.0,0.0,10000.0,7405.8
22799,Kanpoko bestelako lanak,2016,13330,12,0.0,0.0,0.0,0.0,0.0
22799,Kanpoko bestelako lanak,2016,23110,07,0.0,0.0,0.0,0.0,0.0
22799,Kanpoko bestelako lanak,2017,13310,12,0.0,110066.61,0.0,110066.61,0.0
22799,Kanpoko bestelako lanak,2017,13320,12,0.0,0.0,0.0,0.0,0.0
22799,Kanpoko bestelako lanak,2017,13330,12,0.0,0.0,0.0,0.0,0.0
22799,Kanpoko bestelako lanak,2017,23100,07,0.0,0.0,0.0,0.0,0.0
22799,Kanpoko bestelako lanak,2017,23110,07,0.0,0.0,0.0,0.0,0.0
22799,Kanpoko bestelako lanak,2017,23170,07,0.0,12915.0,0.0,12915.0,0.0
22799,Kanpoko bestelako lanak,2017,32000,06,0.0,0.0,0.0,0.0,0.0
22799,Kanpoko bestelako lanak,2017,32610,06,0.0,0.0,0.0,0.0,0.0
22799,Kanpoko bestelako lanak,2017,33300,08,0.0,535.19,0.0,535.19,535.19
22799,Kanpoko bestelako lanak,2017,33400,08,0.0,0.0,0.0,0.0,0.0
22799,Kanpoko bestelako lanak,2017,33720,06,0.0,0.0,0.0,0.0,0.0
22799,Kanpoko bestelako lanak,2017,34000,15,0.0,0.0,0.0,0.0,0.0
22799,Kanpoko bestelako lanak,2017,93100,03,0.0,5000.0,0.0,5000.0,5000.0
22799,Kanpoko bestelako lanak,2018,13310,12,210000.0,0.0,0.0,210000.0,153733.14
22799,Kanpoko bestelako lanak,2018,13320,12,0.0,0.0,0.0,0.0,1852.28
22799,Kanpoko bestelako lanak,2018,13330,12,22000.0,0.0,0.0,22000.0,8992.23
22799,Kanpoko bestelako lanak,2018,16230,05,1420000.0,0.0,0.0,1420000.0,629209.13
22799,Kanpoko bestelako lanak,2018,31100,09,20000.0,0.0,0.0,20000.0,10033.65
22799,Kanpoko bestelako lanak,2018,32300,06,5000.0,0.0,0.0,5000.0,2461.44
22799,Kanpoko bestelako lanak,2018,32630,06,35000.0,0.0,0.0,35000.0,5961.6
22799,Kanpoko bestelako lanak,2018,33510,10,5000.0,0.0,0.0,5000.0,0.0
22799,Kanpoko bestelako lanak,2018,33720,06,500.0,0.0,0.0,500.0,0.0
22799,Kanpoko bestelako lanak,2018,34210,15,146100.0,0.0,0.0,146100.0,142017.45
22799,Kanpoko bestelako lanak,2018,34220,15,40000.0,0.0,0.0,40000.0,24507.29
22799,Kanpoko bestelako lanak,2018,34230,15,1000.0,0.0,0.0,1000.0,0.0
22799,Kanpoko bestelako lanak,2018,92010,19,100000.0,0.0,0.0,100000.0,65018.17
22799,Kanpoko bestelako lanak,2018,92030,02,20000.0,0.0,0.0,20000.0,16821.1
22799,Kanpoko bestelako lanak,2018,93100,03,5000.0,0.0,0.0,5000.0,0.0
23001,"Pertsonalaren dietak, garraioa eta lekualdaketa",2018,13000,12,3000.0,0.0,0.0,3000.0,4371.74
23001,"Pertsonalaren dietak, garraioa eta lekualdaketa",2018,13500,12,1900.0,0.0,0.0,1900.0,524.59
23001,"Pertsonalaren dietak, garraioa eta lekualdaketa",2018,15000,04,4000.0,0.0,0.0,4000.0,1013.46
23001,"Pertsonalaren dietak, garraioa eta lekualdaketa",2018,15120,09,5000.0,0.0,0.0,5000.0,1759.23
23001,"Pertsonalaren dietak, garraioa eta lekualdaketa",2018,17000,05,2000.0,0.0,0.0,2000.0,892.81
23001,"Pertsonalaren dietak, garraioa eta lekualdaketa",2018,23000,07,2000.0,0.0,0.0,2000.0,1669.49
23001,"Pertsonalaren dietak, garraioa eta lekualdaketa",2018,32000,06,200.0,0.0,0.0,200.0,0.0
23001,"Pertsonalaren dietak, garraioa eta lekualdaketa",2018,32700,14,200.0,0.0,0.0,200.0,24.6
23001,"Pertsonalaren dietak, garraioa eta lekualdaketa",2018,33000,08,1000.0,0.0,0.0,1000.0,511.76
23001,"Pertsonalaren dietak, garraioa eta lekualdaketa",2018,33210,21,300.0,0.0,0.0,300.0,45.78
23001,"Pertsonalaren dietak, garraioa eta lekualdaketa",2018,33220,18,300.0,0.0,0.0,300.0,0.0
23001,"Pertsonalaren dietak, garraioa eta lekualdaketa",2018,33510,10,500.0,0.0,0.0,500.0,6.8
23001,"Pertsonalaren dietak, garraioa eta lekualdaketa",2018,33520,10,500.0,0.0,0.0,500.0,142.02
23001,"Pertsonalaren dietak, garraioa eta lekualdaketa",2018,33720,06,200.0,0.0,0.0,200.0,0.0
23001,"Pertsonalaren dietak, garraioa eta lekualdaketa",2018,92000,16,200.0,0.0,0.0,200.0,118.22
23001,"Pertsonalaren dietak, garraioa eta lekualdaketa",2018,92010,19,1000.0,0.0,0.0,1000.0,0.0
23001,"Pertsonalaren dietak, garraioa eta lekualdaketa",2018,92030,02,400.0,0.0,0.0,400.0,15.9
23001,"Pertsonalaren dietak, garraioa eta lekualdaketa",2018,92050,20,1500.0,0.0,0.0,1500.0,513.32
23001,"Pertsonalaren dietak, garraioa eta lekualdaketa",2018,92910,03,3000.0,0.0,0.0,3000.0,1035.91
23001,"Pertsonalaren dietak, garraioa eta lekualdaketa",2018,93100,03,1000.0,0.0,0.0,1000.0,33.39
23001,"Pertsonalaren dietak, garraioa eta lekualdaketa",2018,93300,17,300.0,0.0,0.0,300.0,279.1
23101,"Goi karguen dietak, garraioa eta lekualdaketa",2018,91200,01,2000.0,0.0,0.0,2000.0,965.76
23901,Bestelako kalte-ordainak,2018,91200,01,85000.0,0.0,0.0,85000.0,54681.85
33201,Interesak,2017,01100,03,0.0,0.0,0.0,0.0,0.0
33201,Interesak,2018,01100,03,238000.0,0.0,0.0,238000.0,77058.77
36101,Berandutza interesak,2018,01100,03,25000.0,0.0,0.0,25000.0,50.73
36901,Bestelako finantza gastuak,2018,93100,03,3000.0,0.0,0.0,3000.0,1434.04
40901,Bestelako entitate publikoei,2014,24100,04,0.0,0.0,0.0,0.0,0.0
40901,Bestelako entitate publikoei,2016,13400,12,0.0,0.0,0.0,0.0,0.0
40901,Bestelako entitate publikoei,2018,13400,12,300.0,0.0,0.0,300.0,300.0
41201,Ente publikoei,2018,24100,02,0.0,291368.06,0.0,291368.06,0.0
41201,Ente publikoei,2018,32620,06,4000.0,0.0,0.0,4000.0,3200.0
41901,Bestelako erakunde publikoei,2018,23020,14,32000.0,0.0,0.0,32000.0,25600.0
41902,Bestelako erakunde publikoak,2018,23020,14,5000.0,0.0,0.0,5000.0,4869.54
42101,Mankomunitate eta kontsortzioei,2017,33510,10,0.0,0.0,0.0,0.0,0.0
42101,Mankomunitate eta kontsortzioei,2017,43300,02,0.0,0.0,0.0,0.0,0.0
42101,Mankomunitate eta kontsortzioei,2017,43300,03,0.0,29225.88,0.0,29225.88,14860.25
42101,Mankomunitate eta kontsortzioei,2018,16230,05,465065.0,0.0,0.0,465065.0,306729.6
42101,Mankomunitate eta kontsortzioei,2018,41400,05,17250.0,0.0,0.0,17250.0,17505.07
42102,Mankomunitate eta kontsortzioei,2017,32000,06,0.0,2850.64,0.0,2850.64,2850.64
42102,Mankomunitate eta kontsortzioei,2017,43300,02,0.0,9801.42,0.0,9801.42,9801.42
42102,Mankomunitate eta kontsortzioei,2018,16230,05,37400.0,0.0,0.0,37400.0,37312.48
42201,Bestelako entitate publikoei,2016,32000,06,0.0,0.0,0.0,0.0,0.0
42201,Bestelako entitate publikoei,2017,32000,06,0.0,14867.27,0.0,14867.27,14867.27
42201,Bestelako entitate publikoei,2018,24100,02,500000.0,0.0,0.0,500000.0,37781.06
42201,Bestelako entitate publikoei,2018,33510,10,71881.0,0.0,0.0,71881.0,71865.98
42201,Bestelako entitate publikoei,2018,43300,03,575000.0,0.0,0.0,575000.0,0.0
42202,Bestelako entitate publikoei,2017,32000,06,0.0,800.0,0.0,800.0,800.0
42202,Bestelako entitate publikoei,2017,32703,14,0.0,6400.0,0.0,6400.0,0.0
42202,Bestelako entitate publikoei,2018,24100,02,59000.0,0.0,0.0,59000.0,0.0
42202,Bestelako entitate publikoei,2018,43300,03,70000.0,0.0,0.0,70000.0,0.0
42204,Bestelako entitate publikoei,2017,32000,06,0.0,600.0,0.0,600.0,600.0
43101,Erakunde autonomoei,2018,23190,11,1039800.0,0.0,0.0,1039800.0,697430.6
43101,Erakunde autonomoei,2018,32610,11,1647980.0,0.0,0.0,1647980.0,1373970.92
47101,Bestelako enpreseei,2016,24100,04,0.0,0.0,0.0,0.0,0.0
47101,Bestelako enpreseei,2017,33510,10,0.0,0.0,0.0,0.0,0.0
47101,Bestelako enpreseei,2017,44110,12,0.0,43236.94,0.0,43236.94,43236.94
47101,Bestelako enpreseei,2018,32620,06,22500.0,0.0,0.0,22500.0,16000.0
47101,Bestelako enpreseei,2018,33510,10,13000.0,0.0,0.0,13000.0,0.0
47101,Bestelako enpreseei,2018,44110,12,505000.0,0.0,0.0,505000.0,368278.04
47102,Hitzarmena hamaika telebistarekin,2017,33510,10,0.0,1400.0,0.0,1400.0,1400.0
47102,Hitzarmena hamaika telebistarekin,2018,23160,07,10000.0,10000.0,0.0,20000.0,9999.0
47102,Hitzarmena hamaika telebistarekin,2018,32620,06,42000.0,0.0,0.0,42000.0,22199.99
47102,Hitzarmena hamaika telebistarekin,2018,33510,10,7000.0,0.0,0.0,7000.0,5600.0
47103,Hitzarmena hitza,2017,33510,10,0.0,4800.0,0.0,4800.0,4800.0
47103,Hitzarmena hitza,2018,32620,06,10000.0,0.0,0.0,10000.0,0.0
47103,Hitzarmena hitza,2018,33510,10,24000.0,0.0,0.0,24000.0,20800.0
47104,Aek langabetuak,2016,33520,10,0.0,0.0,0.0,0.0,0.0
47104,Aek langabetuak,2017,33520,10,0.0,0.0,0.0,0.0,0.0
47202,Beste enpreseei,2017,44110,12,0.0,0.0,0.0,0.0,0.0
47202,Beste enpreseei,2018,44110,12,14000.0,0.0,0.0,14000.0,12992.0
48001,Giza larrialdietako laguntzak,2016,23150,13,0.0,1421.42,0.0,1421.42,1421.42
48001,Giza larrialdietako laguntzak,2017,23100,07,0.0,0.0,0.0,0.0,0.0
48001,Giza larrialdietako laguntzak,2017,23150,13,0.0,6000.0,0.0,6000.0,0.0
48001,Giza larrialdietako laguntzak,2017,33220,18,0.0,0.0,0.0,0.0,0.0
48001,Giza larrialdietako laguntzak,2018,15220,04,100000.0,0.0,0.0,100000.0,0.0
48001,Giza larrialdietako laguntzak,2018,23130,07,146000.0,0.0,0.0,146000.0,75210.42
48001,Giza larrialdietako laguntzak,2018,33510,10,87000.0,0.0,0.0,87000.0,60459.36
48001,Giza larrialdietako laguntzak,2018,46300,18,0.0,16800.0,0.0,16800.0,0.0
48001,Giza larrialdietako laguntzak,2018,92030,02,5000.0,0.0,0.0,5000.0,4200.0
48002,Gizarte babeserako aparteko proiektuak,2016,32703,14,0.0,10829.24,0.0,10829.24,9487.24
48002,Gizarte babeserako aparteko proiektuak,2017,23100,07,0.0,5681.8,0.0,5681.8,5427.8
48002,Gizarte babeserako aparteko proiektuak,2017,23130,07,0.0,0.0,0.0,0.0,0.0
48002,Gizarte babeserako aparteko proiektuak,2017,32703,14,0.0,17130.3,0.0,17130.3,2889.38
48002,Gizarte babeserako aparteko proiektuak,2018,23130,07,920000.0,0.0,0.0,920000.0,624760.09
48003,Dirulaguntzak: familiei,2016,23170,07,0.0,0.0,0.0,0.0,0.0
48003,Dirulaguntzak: familiei,2017,23170,07,0.0,15400.0,0.0,15400.0,14703.74
48007,Dirulaguntzak: euskara zehar lerro duten ikastaroak begiraleentzat,2017,33510,10,0.0,0.0,0.0,0.0,0.0
48007,Dirulaguntzak: euskara zehar lerro duten ikastaroak begiraleentzat,2018,33510,10,2000.0,0.0,0.0,2000.0,0.0
48101,Entitate eta erakundeei diru-laguntzak,2016,17000,05,0.0,0.0,0.0,0.0,0.0
48101,Entitate eta erakundeei diru-laguntzak,2016,33720,06,0.0,0.0,0.0,0.0,0.0
48101,Entitate eta erakundeei diru-laguntzak,2017,17000,05,0.0,10000.0,0.0,10000.0,7226.24
48101,Entitate eta erakundeei diru-laguntzak,2017,33400,08,0.0,4400.0,0.0,4400.0,4400.0
48101,Entitate eta erakundeei diru-laguntzak,2017,33510,10,0.0,3364.4,0.0,3364.4,3364.4
48101,Entitate eta erakundeei diru-laguntzak,2017,33720,06,0.0,5826.71,0.0,5826.71,5826.71
48101,Entitate eta erakundeei diru-laguntzak,2017,33800,08,0.0,1640.0,0.0,1640.0,1640.0
48101,Entitate eta erakundeei diru-laguntzak,2017,34000,15,0.0,3518.25,0.0,3518.25,3518.25
48101,Entitate eta erakundeei diru-laguntzak,2017,92000,16,0.0,620.0,0.0,620.0,620.0
48101,Entitate eta erakundeei diru-laguntzak,2018,17200,05,10000.0,0.0,0.0,10000.0,8000.0
48101,Entitate eta erakundeei diru-laguntzak,2018,23020,14,6000.0,0.0,0.0,6000.0,3000.0
48101,Entitate eta erakundeei diru-laguntzak,2018,23150,13,45400.0,0.0,0.0,45400.0,22382.74
48101,Entitate eta erakundeei diru-laguntzak,2018,23160,07,29000.0,0.0,0.0,29000.0,24879.88
48101,Entitate eta erakundeei diru-laguntzak,2018,32620,06,3000.0,0.0,0.0,3000.0,2400.0
48101,Entitate eta erakundeei diru-laguntzak,2018,33400,08,16000.0,0.0,0.0,16000.0,12800.0
48101,Entitate eta erakundeei diru-laguntzak,2018,33720,06,20000.0,0.0,0.0,20000.0,9000.03
48101,Entitate eta erakundeei diru-laguntzak,2018,33800,08,70000.0,0.0,0.0,70000.0,58482.1
48101,Entitate eta erakundeei diru-laguntzak,2018,34110,15,25000.0,0.0,0.0,25000.0,18409.69
48101,Entitate eta erakundeei diru-laguntzak,2018,92000,16,3132.0,0.0,0.0,3132.0,2505.6
48102,Dirulaguntzak: asoziazioei,2016,33400,08,0.0,0.0,0.0,0.0,0.0
48102,Dirulaguntzak: asoziazioei,2017,33400,08,0.0,37305.78,0.0,37305.78,35732.99
48102,Dirulaguntzak: asoziazioei,2017,33800,08,0.0,0.0,0.0,0.0,0.0
48102,Dirulaguntzak: asoziazioei,2017,43000,01,0.0,1579.0,0.0,1579.0,1579.0
48102,Dirulaguntzak: asoziazioei,2018,23170,07,77000.0,0.0,0.0,77000.0,0.0
48102,Dirulaguntzak: asoziazioei,2018,32710,14,26000.0,0.0,0.0,26000.0,20767.35
48102,Dirulaguntzak: asoziazioei,2018,33400,08,108000.0,0.0,0.0,108000.0,59837.37
48102,Dirulaguntzak: asoziazioei,2018,33800,08,22000.0,0.0,0.0,22000.0,21987.74
48102,Dirulaguntzak: asoziazioei,2018,43100,01,10000.0,0.0,0.0,10000.0,0.0
48102,Dirulaguntzak: asoziazioei,2018,91200,01,118000.0,0.0,0.0,118000.0,87975.9
48103,Entitate eta erakundeei diru-laguntzak,2017,33400,08,0.0,0.0,0.0,0.0,0.0
48103,Entitate eta erakundeei diru-laguntzak,2017,34000,15,0.0,6925.79,0.0,6925.79,6925.79
48103,Entitate eta erakundeei diru-laguntzak,2018,23020,14,80380.0,0.0,0.0,80380.0,64294.52
48103,Entitate eta erakundeei diru-laguntzak,2018,33400,08,42500.0,0.0,0.0,42500.0,34000.0
48103,Entitate eta erakundeei diru-laguntzak,2018,34110,15,14000.0,0.0,0.0,14000.0,0.0
48104,Dirulaguntzak: instituzio eta entitateei,2017,33400,08,0.0,7000.0,0.0,7000.0,7000.0
48104,Dirulaguntzak: instituzio eta entitateei,2017,33510,10,0.0,0.0,0.0,0.0,0.0
48104,Dirulaguntzak: instituzio eta entitateei,2017,34000,15,0.0,0.0,0.0,0.0,0.0
48104,Dirulaguntzak: instituzio eta entitateei,2018,33400,08,35000.0,0.0,0.0,35000.0,28000.0
48104,Dirulaguntzak: instituzio eta entitateei,2018,33510,10,23300.0,0.0,0.0,23300.0,18172.26
48104,Dirulaguntzak: instituzio eta entitateei,2018,34130,15,92000.0,0.0,0.0,92000.0,79274.91
48105,Dirulaguntzak: instituzio eta entitateei,2017,33400,08,0.0,0.0,0.0,0.0,0.0
48105,Dirulaguntzak: instituzio eta entitateei,2017,34000,15,0.0,3200.0,0.0,3200.0,3200.0
48105,Dirulaguntzak: instituzio eta entitateei,2018,33400,08,9500.0,0.0,0.0,9500.0,0.0
48105,Dirulaguntzak: instituzio eta entitateei,2018,34110,15,30000.0,0.0,0.0,30000.0,24000.0
48106,Dirulaguntzak: instituzio eta entitateei,2017,33400,08,0.0,1280.0,0.0,1280.0,1280.0
48106,Dirulaguntzak: instituzio eta entitateei,2018,33400,08,6400.0,0.0,0.0,6400.0,5120.0
48106,Dirulaguntzak: instituzio eta entitateei,2018,34110,15,1890.0,0.0,0.0,1890.0,0.0
48107,Dirulaguntzak: instituzio eta entitateei,2017,33400,08,0.0,3000.0,0.0,3000.0,3000.0
48107,Dirulaguntzak: instituzio eta entitateei,2017,34000,15,0.0,11359.2,0.0,11359.2,11353.2
48107,Dirulaguntzak: instituzio eta entitateei,2018,33400,08,15000.0,0.0,0.0,15000.0,12000.0
48107,Dirulaguntzak: instituzio eta entitateei,2018,34110,15,77200.0,0.0,0.0,77200.0,61760.0
48108,Irabazizko xederik gabeko erakundeei,2017,33400,08,0.0,2000.0,0.0,2000.0,2000.0
48108,Irabazizko xederik gabeko erakundeei,2017,34000,15,0.0,6357.75,0.0,6357.75,6357.75
48108,Irabazizko xederik gabeko erakundeei,2018,33400,08,10000.0,0.0,0.0,10000.0,8000.0
48108,Irabazizko xederik gabeko erakundeei,2018,34110,15,98900.0,0.0,0.0,98900.0,79120.0
48109,Irabazizko xederik gabeko erakundeei,2017,33400,08,0.0,3400.0,0.0,3400.0,3400.0
48109,Irabazizko xederik gabeko erakundeei,2017,34000,15,0.0,0.0,0.0,0.0,0.0
48109,Irabazizko xederik gabeko erakundeei,2018,33400,08,17000.0,0.0,0.0,17000.0,13600.0
48109,Irabazizko xederik gabeko erakundeei,2018,34110,15,71300.0,0.0,0.0,71300.0,57040.0
48110,Irabazizko xederik gabeko erakundeei,2017,33400,08,0.0,3000.0,0.0,3000.0,3000.0
48110,Irabazizko xederik gabeko erakundeei,2017,33510,10,0.0,100.0,0.0,100.0,100.0
48110,Irabazizko xederik gabeko erakundeei,2017,34000,15,0.0,0.0,0.0,0.0,0.0
48110,Irabazizko xederik gabeko erakundeei,2018,33400,08,15000.0,0.0,0.0,15000.0,12000.0
48110,Irabazizko xederik gabeko erakundeei,2018,33510,10,1500.0,0.0,0.0,1500.0,1200.0
48111,Eresbil,2018,33400,08,132000.0,0.0,0.0,132000.0,132000.0
48112,Iraultza hitzarmena,2017,33400,08,0.0,0.0,0.0,0.0,0.0
48112,Iraultza hitzarmena,2018,33400,08,19150.0,0.0,0.0,19150.0,15320.0
60101,Azpiegitura eta urbanizazioa,2016,15320,12,0.0,0.0,0.0,0.0,0.0
60101,Azpiegitura eta urbanizazioa,2017,13400,04,0.0,200945.21,0.0,200945.21,72538.57
60101,Azpiegitura eta urbanizazioa,2017,15000,04,0.0,696817.53,0.0,696817.53,79994.4
60101,Azpiegitura eta urbanizazioa,2017,15320,09,0.0,97921.88,0.0,97921.88,1864.69
60101,Azpiegitura eta urbanizazioa,2017,15320,12,0.0,200000.0,0.0,200000.0,135198.3
60101,Azpiegitura eta urbanizazioa,2017,17200,04,0.0,5626.5,0.0,5626.5,5626.5
60101,Azpiegitura eta urbanizazioa,2017,31100,04,0.0,49575.35,0.0,49575.35,45187.24
60101,Azpiegitura eta urbanizazioa,2017,34200,15,0.0,19843.76,0.0,19843.76,19843.76
60101,Azpiegitura eta urbanizazioa,2018,15320,09,100000.0,200000.0,0.0,300000.0,75847.4
60101,Azpiegitura eta urbanizazioa,2018,15320,12,200000.0,0.0,0.0,200000.0,0.0
60101,Azpiegitura eta urbanizazioa,2018,17200,04,0.0,141000.0,0.0,141000.0,0.0
60101,Azpiegitura eta urbanizazioa,2018,45400,05,40000.0,0.0,0.0,40000.0,0.0
60101,Azpiegitura eta urbanizazioa,2018,93300,17,25000.0,0.0,0.0,25000.0,1000.0
60102,Azpiegitura eta urbanizazioak,2015,17200,04,0.0,0.0,0.0,0.0,0.0
60102,Azpiegitura eta urbanizazioak,2017,31100,04,0.0,103201.28,0.0,103201.28,0.0
60102,Azpiegitura eta urbanizazioak,2017,34200,15,0.0,0.0,0.0,0.0,0.0
60102,Azpiegitura eta urbanizazioak,2018,17100,04,100000.0,0.0,0.0,100000.0,0.0
60102,Azpiegitura eta urbanizazioak,2018,17200,04,0.0,60800.0,0.0,60800.0,0.0
60103,Azpiegitura eta urbanizazioak,2017,34200,15,0.0,35000.0,0.0,35000.0,35000.0
60104,Azpiegitura eta urbanizazioak,2016,13400,04,0.0,12479.81,0.0,12479.81,12479.81
60104,Azpiegitura eta urbanizazioak,2017,34200,15,0.0,0.0,0.0,0.0,0.0
60105,Azpiegitura eta urbanizazioak,2016,15100,04,0.0,0.0,0.0,0.0,0.0
60105,Azpiegitura eta urbanizazioak,2017,34200,15,0.0,12932.41,0.0,12932.41,12932.41
60106,Azpiegitura eta urbanizazioak,2017,13400,04,0.0,76756.52,0.0,76756.52,32520.59
60107,Azpiegitura eta urbanizazioak,2017,34200,15,0.0,10863.3,0.0,10863.3,5863.3
60108,Azpiegiturak eta urbanizazioak,2016,15100,04,0.0,0.0,0.0,0.0,0.0
60201,Ondare historikoa,2018,33340,09,0.0,5000.0,0.0,5000.0,0.0
60901,Bestelako inbertsioak,2015,33510,10,0.0,0.0,0.0,0.0,0.0
60902,Bestelako inbertsioak,2016,17200,04,0.0,0.0,0.0,0.0,0.0
62001,Lur eta ondasun naturalak,2017,15320,04,0.0,106046.46,0.0,106046.46,100178.57
62201,Eraikinak eta bestelako eraikuntzak,2015,33000,04,0.0,298278.5,0.0,298278.5,277833.5
62201,Eraikinak eta bestelako eraikuntzak,2016,33000,04,0.0,2444038.13,0.0,2444038.13,368132.8
62201,Eraikinak eta bestelako eraikuntzak,2017,15220,17,0.0,315000.0,0.0,315000.0,315000.0
62201,Eraikinak eta bestelako eraikuntzak,2017,23150,04,0.0,0.0,0.0,0.0,0.0
62201,Eraikinak eta bestelako eraikuntzak,2017,33210,04,0.0,844034.26,0.0,844034.26,0.0
62201,Eraikinak eta bestelako eraikuntzak,2017,33310,04,0.0,17866.45,0.0,17866.45,17866.45
62201,Eraikinak eta bestelako eraikuntzak,2017,33330,04,0.0,1500000.0,0.0,1500000.0,0.0
62201,Eraikinak eta bestelako eraikuntzak,2017,33720,04,0.0,0.0,0.0,0.0,0.0
62201,Eraikinak eta bestelako eraikuntzak,2017,43200,04,0.0,0.0,0.0,0.0,0.0
62201,Eraikinak eta bestelako eraikuntzak,2017,44200,12,0.0,13650.32,0.0,13650.32,13650.32
62201,Eraikinak eta bestelako eraikuntzak,2017,92050,04,0.0,176039.68,0.0,176039.68,170234.6
62201,Eraikinak eta bestelako eraikuntzak,2018,13330,12,40000.0,0.0,0.0,40000.0,23494.04
62201,Eraikinak eta bestelako eraikuntzak,2018,17210,04,40000.0,385000.0,0.0,425000.0,0.0
62201,Eraikinak eta bestelako eraikuntzak,2018,23150,04,0.0,119697.05,0.0,119697.05,0.0
62201,Eraikinak eta bestelako eraikuntzak,2018,32300,04,80000.0,0.0,0.0,80000.0,0.0
62201,Eraikinak eta bestelako eraikuntzak,2018,33210,04,0.0,85000.0,0.0,85000.0,3720.75
62201,Eraikinak eta bestelako eraikuntzak,2018,33330,04,2800000.0,0.0,0.0,2800000.0,13912.33
62201,Eraikinak eta bestelako eraikuntzak,2018,33710,04,30000.0,30000.0,0.0,60000.0,23014.94
62201,Eraikinak eta bestelako eraikuntzak,2018,34210,04,0.0,87500.0,0.0,87500.0,0.0
62201,Eraikinak eta bestelako eraikuntzak,2018,34220,04,0.0,75000.0,0.0,75000.0,0.0
62201,Eraikinak eta bestelako eraikuntzak,2018,34220,09,0.0,80000.0,0.0,80000.0,0.0
62201,Eraikinak eta bestelako eraikuntzak,2018,44200,12,20000.0,0.0,0.0,20000.0,0.0
62201,Eraikinak eta bestelako eraikuntzak,2018,92050,04,0.0,28232.51,0.0,28232.51,25962.65
62202,Eraikinak eta bestelako eraikuntzak,2015,15100,04,0.0,15200.0,0.0,15200.0,15200.0
62202,Eraikinak eta bestelako eraikuntzak,2017,32000,09,0.0,5752.79,0.0,5752.79,5752.79
62202,Eraikinak eta bestelako eraikuntzak,2018,32300,09,100000.0,0.0,0.0,100000.0,58121.72
62206,Eraikinak eta bestelako eraikuntzak,2016,34200,04,0.0,0.0,0.0,0.0,0.0
62207,Eraikinak eta bestelako eraikuntzak,2017,34200,04,0.0,11010.09,0.0,11010.09,11010.09
62208,Eraikinak eta beste eraikuntzak,2016,33210,04,0.0,23595.0,0.0,23595.0,14157.0
62208,Eraikinak eta beste eraikuntzak,2017,34200,04,0.0,0.0,0.0,0.0,0.0
62209,Eraikuntzak eta bestelako eraikinak,2016,15100,04,0.0,0.0,0.0,0.0,0.0
62301,Makineria,2016,13000,12,0.0,0.0,0.0,0.0,0.0
62301,Makineria,2016,16500,09,0.0,0.0,0.0,0.0,0.0
62301,Makineria,2017,16500,09,0.0,89959.28,0.0,89959.28,75309.28
62301,Makineria,2017,33300,05,0.0,89990.0,0.0,89990.0,87390.0
62301,Makineria,2018,13400,04,40000.0,0.0,0.0,40000.0,0.0
62301,Makineria,2018,16500,09,100000.0,0.0,0.0,100000.0,46702.47
62301,Makineria,2018,17200,05,28500.0,0.0,0.0,28500.0,0.0
62301,Makineria,2018,31100,04,0.0,70000.0,0.0,70000.0,0.0
62302,Instalazioak,2015,13400,04,0.0,3397.68,0.0,3397.68,3397.68
62302,Instalazioak,2016,16000,09,0.0,10073.98,0.0,10073.98,0.0
62302,Instalazioak,2016,16210,09,0.0,0.0,0.0,0.0,0.0
62302,Instalazioak,2017,13400,04,0.0,34572.65,0.0,34572.65,34572.65
62302,Instalazioak,2017,15330,04,0.0,0.0,0.0,0.0,0.0
62302,Instalazioak,2017,16000,09,0.0,13819.53,0.0,13819.53,10348.45
62302,Instalazioak,2017,16100,09,0.0,43599.93,0.0,43599.93,37367.79
62302,Instalazioak,2017,17210,05,0.0,32000.0,0.0,32000.0,15725.44
62302,Instalazioak,2018,16000,09,100000.0,0.0,0.0,100000.0,26369.73
62302,Instalazioak,2018,16100,09,50000.0,0.0,0.0,50000.0,0.0
62302,Instalazioak,2018,16220,05,200000.0,0.0,0.0,200000.0,31059.97
62302,Instalazioak,2018,17210,05,25000.0,0.0,0.0,25000.0,0.0
62302,Instalazioak,2018,34140,15,60000.0,0.0,0.0,60000.0,217.8
62302,Instalazioak,2018,34200,15,60000.0,0.0,0.0,60000.0,42761.87
62302,Instalazioak,2018,34210,05,42000.0,0.0,0.0,42000.0,36256.76
62303,Barne-garraiorako elementuak,2017,13000,12,0.0,978.89,0.0,978.89,978.89
62303,Barne-garraiorako elementuak,2017,13320,12,0.0,59023.8,0.0,59023.8,0.0
62303,Barne-garraiorako elementuak,2018,13000,12,8000.0,0.0,0.0,8000.0,0.0
62304,Tresnak eta erremintak,2017,13000,12,0.0,0.0,0.0,0.0,0.0
62304,Tresnak eta erremintak,2017,34200,04,0.0,0.0,0.0,0.0,0.0
62304,Tresnak eta erremintak,2018,13000,12,50000.0,0.0,0.0,50000.0,0.0
62305,"Makinaria, instalazioak eta tresneria",2017,13000,12,0.0,34526.47,0.0,34526.47,34526.47
62305,"Makinaria, instalazioak eta tresneria",2017,13400,04,0.0,582932.54,0.0,582932.54,271188.99
62305,"Makinaria, instalazioak eta tresneria",2017,15330,04,0.0,0.0,0.0,0.0,0.0
62305,"Makinaria, instalazioak eta tresneria",2018,13000,12,15000.0,0.0,0.0,15000.0,0.0
62305,"Makinaria, instalazioak eta tresneria",2018,13400,04,55700.02,0.0,0.0,55700.02,0.0
62305,"Makinaria, instalazioak eta tresneria",2018,34210,05,0.0,229993.7,0.0,229993.7,28231.72
62306,Instalazioak,2018,13000,12,6000.0,0.0,0.0,6000.0,0.0
62308,Instalazioak,2018,17210,05,10000.0,0.0,0.0,10000.0,0.0
62401,Garraio-materiala,2016,16300,09,0.0,260150.0,0.0,260150.0,260150.0
62401,Garraio-materiala,2017,15000,09,0.0,32000.0,0.0,32000.0,32000.0
62401,Garraio-materiala,2018,15330,09,100000.0,0.0,0.0,100000.0,5815.26
62501,Altzariak,2018,33310,08,2000.0,0.0,0.0,2000.0,1494.41
62501,Altzariak,2018,33400,08,10000.0,0.0,0.0,10000.0,4806.63
62502,Bulego ekipoak,2016,33220,18,0.0,0.0,0.0,0.0,0.0
62599,Bestelako lanabesak,2018,33320,08,5000.0,0.0,0.0,5000.0,1489.63
62599,Bestelako lanabesak,2018,92050,20,400.0,0.0,0.0,400.0,0.0
62601,Informazio-prozesuetarako ekipoak,2016,33210,18,0.0,0.0,0.0,0.0,0.0
62601,Informazio-prozesuetarako ekipoak,2016,92010,19,0.0,0.0,0.0,0.0,0.0
62601,Informazio-prozesuetarako ekipoak,2017,92010,19,0.0,7995.68,0.0,7995.68,7995.68
62601,Informazio-prozesuetarako ekipoak,2018,33210,21,10000.0,0.0,0.0,10000.0,2365.55
62601,Informazio-prozesuetarako ekipoak,2018,92010,19,95000.0,0.0,0.0,95000.0,69945.36
62701,Proiektu konplexuak,2017,33220,18,0.0,0.0,0.0,0.0,0.0
62701,Proiektu konplexuak,2018,33610,18,6000.0,0.0,0.0,6000.0,0.0
62702,Proiektu konplexuak,2016,33220,18,0.0,0.0,0.0,0.0,0.0
62702,Proiektu konplexuak,2017,33220,18,0.0,9000.0,0.0,9000.0,9000.0
62702,Proiektu konplexuak,2018,33220,18,8000.0,0.0,0.0,8000.0,0.0
62801,Funts bibliografikoak,2018,33210,21,42000.0,0.0,0.0,42000.0,33892.29
64201,Planeamendua,2016,15100,04,0.0,0.0,0.0,0.0,0.0
64201,Planeamendua,2016,17100,04,0.0,0.0,0.0,0.0,0.0
64201,Planeamendua,2017,13200,12,0.0,24200.0,0.0,24200.0,18000.0
64201,Planeamendua,2017,15100,04,0.0,32452.2,0.0,32452.2,0.0
64201,Planeamendua,2018,13200,12,0.0,10800.0,0.0,10800.0,0.0
64201,Planeamendua,2018,34220,04,0.0,50000.0,0.0,50000.0,0.0
64202,Planeamendua,2017,13300,12,0.0,24200.0,0.0,24200.0,0.0
64203,Planeamendua,2017,15310,05,0.0,44111.94,0.0,44111.94,40033.42
64204,Planeamendua,2016,17210,05,0.0,0.0,0.0,0.0,0.0
64204,Planeamendua,2017,17210,05,0.0,38482.28,0.0,38482.28,38482.27
64204,Planeamendua,2018,15110,04,50000.0,97700.0,0.0,147700.0,0.0
64205,Planeamendua,2015,17100,05,0.0,0.0,0.0,0.0,0.0
64206,Planeamendua,2018,13400,12,15000.0,0.0,0.0,15000.0,0.0
64207,Planeamendua,2014,17000,05,0.0,0.0,0.0,0.0,0.0
64208,Planeamendua,2016,17000,05,0.0,0.0,0.0,0.0,0.0
64208,Planeamendua,2017,17000,05,0.0,30830.4,0.0,30830.4,26859.39
64209,Planeamendua,2017,17000,05,0.0,7623.0,0.0,7623.0,7623.0
64301,"Ikerketa, azterketak eta proiektuak",2014,33220,08,0.0,6957.5,0.0,6957.5,0.0
64301,"Ikerketa, azterketak eta proiektuak",2017,15220,04,0.0,0.0,0.0,0.0,0.0
64301,"Ikerketa, azterketak eta proiektuak",2017,31100,05,0.0,17499.29,0.0,17499.29,12499.49
64301,"Ikerketa, azterketak eta proiektuak",2017,33220,18,0.0,18000.0,0.0,18000.0,0.0
64301,"Ikerketa, azterketak eta proiektuak",2017,33720,04,0.0,299869.99,0.0,299869.99,77958.34
64301,"Ikerketa, azterketak eta proiektuak",2017,92050,20,0.0,16492.42,0.0,16492.42,5666.43
64301,"Ikerketa, azterketak eta proiektuak",2018,15110,04,40000.0,0.0,0.0,40000.0,24593.25
64301,"Ikerketa, azterketak eta proiektuak",2018,15220,04,10000.0,0.0,0.0,10000.0,0.0
64301,"Ikerketa, azterketak eta proiektuak",2018,17200,05,40000.0,0.0,0.0,40000.0,0.0
64301,"Ikerketa, azterketak eta proiektuak",2018,33720,06,15000.0,0.0,0.0,15000.0,0.0
64301,"Ikerketa, azterketak eta proiektuak",2018,34210,04,0.0,80000.0,0.0,80000.0,0.0
64301,"Ikerketa, azterketak eta proiektuak",2018,34220,04,30000.0,0.0,0.0,30000.0,0.0
64301,"Ikerketa, azterketak eta proiektuak",2018,43100,04,34000.0,0.0,0.0,34000.0,0.0
64301,"Ikerketa, azterketak eta proiektuak",2018,49200,18,7000.0,0.0,0.0,7000.0,0.0
64302,"Ikerketa, azterketa eta proiektuak",2017,15220,04,0.0,10280.0,0.0,10280.0,5140.0
64302,"Ikerketa, azterketa eta proiektuak",2017,33220,18,0.0,9590.0,0.0,9590.0,0.0
64302,"Ikerketa, azterketa eta proiektuak",2018,15110,04,0.0,200000.0,0.0,200000.0,0.0
64302,"Ikerketa, azterketa eta proiektuak",2018,15220,04,30000.0,0.0,0.0,30000.0,0.0
64302,"Ikerketa, azterketa eta proiektuak",2018,34220,04,40000.0,0.0,0.0,40000.0,0.0
64302,"Ikerketa, azterketa eta proiektuak",2018,46300,18,47000.0,0.0,0.0,47000.0,0.0
64303,"Ikerketa, azterketa eta proiektuak",2017,15220,04,0.0,20570.0,0.0,20570.0,0.0
64303,"Ikerketa, azterketa eta proiektuak",2018,15220,04,25000.0,0.0,0.0,25000.0,0.0
64304,"Ikerketa, azterketa eta proiektuak",2016,31100,05,0.0,20789.09,0.0,20789.09,0.0
64400,Gastuak aplikazio informatikoetan,2018,92050,20,123750.0,0.0,0.0,123750.0,22509.89
73101,Erakunde autonomoei,2018,23190,11,20000.0,0.0,0.0,20000.0,0.0
73101,Erakunde autonomoei,2018,32610,11,21020.0,0.0,0.0,21020.0,0.0
73101,Erakunde autonomoei,2018,41400,05,29000.0,0.0,0.0,29000.0,0.0
73102,Erakunde autonomoei,2018,17210,05,15000.0,0.0,0.0,15000.0,0.0
83301,Pertsonalaren aurrerakinak,2018,92030,02,35000.0,0.0,0.0,35000.0,20782.0
85300,Sek.pub.tik kanpoko kotizazio ofizial gabe,2018,43900,03,0.0,1800.0,0.0,1800.0,0.0
93201,Tokiko sektore publikoaren barnean,2018,01100,03,47130.0,0.0,0.0,47130.0,35106.84
93301,Tokiko sektore publikotik kanpo,2017,01100,03,0.0,0.0,0.0,0.0,0.0
93301,Tokiko sektore publikotik kanpo,2018,01100,03,1940000.0,0.0,0.0,1940000.0,1451100.24
