Partida,Código interno,Descripción,Año,Pto inicial,Oblig. recon.
1 02.601.03.150.10 2008 (4739),4739,S.BARBARAKO HARROBIA BIRGAITZEA,2008,0.0,19732.34
1 05.643.01.160.00 2011 (4792),4792,UR SAREAREN SEKTORIZAZIOA,2011,0.0,71738.89
1 01.601.01.150.10 2013 (4827),4827,AZPIEGITURAK ETA URBANIZAZIOAK,2013,0.0,14701.5
1 02.226.06.342.00 2013 (4811),4811,EKINTZAK: KIROL JOLASGARRIAK,2013,0.0,0.0
1 02.481.02.230.02 2013 (4803),4803,TRANSFERENTZIA: HIRUGARREN MUNDUA,2013,0.0,38164.76
1 02.481.03.922.00 2013 (4829),4829,EKARPENA:EUDEL,2013,0.0,0.0
1 02.622.01.150.10 2013 (4820),4820,ERAIKUNTZAK: HIRIGINTZA,2013,0.0,35000.0
1 02.622.01.342.00 2013 (4818),4818,TABERNA EGOKITZEA-IGERILEKUAK,2013,0.0,7858.95
1 02.644.01.920.20 2013 (4746),4746,APLIKAZIO INFORMATIKOAK,2013,0.0,0.0
1 05.623.02.161.00 2013 (4789),4789,INSTALAZIOAK: UR HORNIDURA,2013,0.0,0.0
1 02.211.01.342.00 2014 (4692),4692,MANTEN:KIROLDEGIA,2014,0.0,16094.45
1 02.211.01.342.03 2014 (4805),4805,MANTEN:LANDARE ZELAIA,2014,0.0,8566.98
1 02.211.01.342.09 2014 (4806),4806,MANTEN:B.KIROL INSTALAKUNTZAK,2014,0.0,0.0
1 02.221.14.342.00 2014 (4810),4810,KIROL MATERIALA,2014,0.0,2976.59
1 02.226.03.323.00 2014 (4793),4793,PUBLIZITATEA:IKASTETXEAK,2014,0.0,4570.0
1 02.226.03.334.00 2014 (4700),4700,PUBLIZITATEA: KULTURA ZERBITZUA,2014,0.0,0.0
1 02.226.06.323.00 2014 (4794),4794,KULTUR EKINTZAK:IKASTETXEAK,2014,0.0,2898.62
1 02.226.06.334.00 2014 (4702),4702,KULTUR EKINTZAK,2014,0.0,2377.65
1 02.226.06.335.00 2014 (4704),4704,EKINTZA-KANPAINA:EUSKARA ZERBITZUA,2014,0.0,278.3
1 02.226.06.342.00 2014 (4812),4812,EKINTZAK: KIROL JOLASGARRIAK,2014,0.0,3528.0
1 02.226.96.231.02 2014 (4801),4801,H.GASTU:INMIGRAZIOA,2014,0.0,1800.0
1 02.226.99.170.00 2014 (4709),4709,H.GASTU: INGURUGIROA,2014,0.0,151.47
1 02.226.99.231.00 2014 (4825),4825,H.GASTU:BERDINTASUNA,2014,0.0,13299.3
1 02.226.99.241.03 2014 (4796),4796,FUNTZ.GASTU:ikastaroak,2014,0.0,5590.67
1 02.226.99.332.10 2014 (4711),4711,H.GASTU:LIBURUTEGIA,2014,0.0,0.0
1 02.226.99.335.20 2014 (4713),4713,BURUNTZALD.EUSKERA EGITASMOAK,2014,0.0,0.0
1 02.226.99.335.50 2014 (4715),4715,H.GASTU:EUSKARA IRAKASKUNTZA,2014,0.0,2300.0
1 02.227.04.334.10 2014 (4719),4719,KULTURAKO TAILERREN KONTRATOA,2014,0.0,0.0
1 02.227.07.170.00 2014 (4720),4720,AZTERKETAK:INGURUGIROA,2014,0.0,7834.75
1 02.227.99.150.00 2014 (4725),4725,HIRIGINTZA AHOLKUL.KONTRATUA,2014,0.0,0.0
1 02.227.99.231.03 2014 (4824),4824,GAZTEEN INGURUKO IKERKETA,2014,0.0,0.0
1 02.227.99.334.10 2014 (4726),4726,AUZOET.HAUR TAIL.KONTRATUA,2014,0.0,0.0
1 02.227.99.920.00 2014 (4721),4721,HAINB.KONTRATU ADMIN.OROKORRA,2014,0.0,0.0
1 02.227.99.920.20 2014 (4723),4723,INFORMATIKA KANPO LANAK,2014,0.0,3630.0
1 02.419.01.922.00 2014 (4828),4828,EKARPENA:EUDEL,2014,0.0,0.0
1 02.421.01.432.00 2014 (4728),4728,BEHEMENDIREKIKO TURISMO HITZARMENA,2014,0.0,0.0
1 02.481.01.323.00 2014 (4800),4800,DIRULAG:IKASTETXEAK KANPOKO EKINTZ,2014,0.0,3599.0
1 02.481.01.334.00 2014 (4732),4732,DIRULAG:KULTURA(NORGEHIAGOKA),2014,0.0,0.0
1 02.481.01.912.00 2014 (4730),4730,DIRULAGUNTZAK:GOBERNU ORGANOAK,2014,0.0,4000.0
1 02.481.02.230.02 2014 (4804),4804,TRANSFERENTZIA: HIRUGARREN MUNDUA,2014,0.0,34783.1
1 02.481.02.241.00 2014 (4733),4733,BERRIAK-KULTUR EKINTZ LAGUNTZA,2014,0.0,5600.0
1 02.481.02.335.00 2014 (4734),4734,DIRULAG.:EUSKARA (ZUZENAK),2014,0.0,1455.0
1 02.481.02.912.00 2014 (4736),4736,EKARPENA:UDALBILTZA,2014,0.0,15000.0
1 02.481.05.924.00 2014 (4737),4737,AUZOLAN PROGRAMAK,2014,0.0,5071.09
1 02.601.01.150.10 2014 (4826),4826,AZPIEGITURAK ETA URBANIZAZIOAK,2014,0.0,560623.51
1 02.622.01.150.10 2014 (4821),4821,ERAIKUNTZAK: HIRIGINTZA,2014,0.0,1272.53
1 02.622.01.342.00 2014 (4815),4815,KIROLDEGIA-HOBEKUNTZAK,2014,0.0,64407.5
1 02.623.99.334.00 2014 (4740),4740,KULTUR ETXEA-INSTALAZIOAK,2014,0.0,0.0
1 02.624.01.132.00 2014 (4741),4741,IBILGAILUA-UDALTZAINGOA,2014,0.0,0.0
1 02.626.01.920.20 2014 (4742),4742,INFORMAZIO-PROZESUETARAKO EKIPOAK,2014,0.0,1735.88
1 02.629.01.341.00 2014 (4819),4819,KIROL SAILA-INBERTSIOAK,2014,0.0,62278.16
1 02.643.01.150.10 2014 (4745),4745,PROIEKTUAK: HIRIGINTZA,2014,0.0,19359.99
1 02.644.01.920.20 2014 (4747),4747,APLIKAZIO INFORMATIKOAK,2014,0.0,9256.5
1 02.681.01.931.00 2014 (4748),4748,L.U.O. INBERTSIOAK,2014,0.0,0.0
1 05.210.01.153.20 2014 (4754),4754,MANTEN:HERRIKO KALEAK,2014,0.0,7131.74
1 05.210.01.153.70 2014 (4756),4756,MANTEN:LANDA BIDEAK,2014,0.0,19237.06
1 05.210.01.161.00 2014 (4751),4751,MANTEN:URAK,2014,0.0,3500.0
1 05.211.01.323.10 2014 (4758),4758,MANTEN.ERAIKINAK:IKASTETXEAK,2014,0.0,6831.16
1 05.211.01.920.02 2014 (4759),4759,MANTEN:UDAL ERAIKINAK,2014,0.0,12699.95
1 05.212.01.153.50 2014 (4767),4767,MANT.MAKIN:PABILOIA,2014,0.0,155.85
1 05.212.01.323.10 2014 (4765),4765,MANT.MAKIN:IKASTETXEAK,2014,0.0,1090.95
1 05.212.01.323.30 2014 (4764),4764,MANT.MAKIN:HAUR-ESKOLA,2014,0.0,155.85
1 05.212.01.326.01 2014 (4693),4693,MANT.MAKIN:MUSIKA ESKOLA,2014,0.0,3233.54
1 05.212.01.326.03 2014 (4763),4763,MANT.MAKIN:H.I.I.,2014,0.0,155.85
1 05.212.01.333.00 2014 (4768),4768,MANT.MAKIN:KULTUR ETXEA,2014,0.0,155.85
1 05.212.01.414.00 2014 (4769),4769,MANT.MAKIN:INGURUN.HOBEKUNTZA,2014,0.0,0.0
1 05.212.01.920.01 2014 (4761),4761,MANT.MAKIN:UDALETXEA,2014,0.0,613.15
1 05.212.01.920.02 2014 (4766),4766,MANT.MAKIN:UDAL ERAIKINAK,2014,0.0,2136.46
1 05.212.01.929.10 2014 (4762),4762,MANT.MAKIN:EPAITEGIA,2014,0.0,155.85
1 05.226.98.241.00 2014 (4772),4772,TOKIKO GARAPENA-EKIMENAK,2014,0.0,138603.69
1 05.226.99.162.10 2014 (4775),4775,H.GASTU:HONDAKINEN KUDEAKETA,2014,0.0,0.0
1 05.227.01.920.02 2014 (4777),4777,GARBITZEKO KONT:UDAL ERAIKINAK,2014,0.0,0.0
1 05.227.98.153.50 2014 (4779),4779,KARTOGRAFIEN MANTENTZE KONTRATUA,2014,0.0,12548.88
1 05.227.99.311.01 2014 (4781),4781,KONTRATUA:KOMUNAK,2014,0.0,0.0
1 05.471.01.441.10 2014 (4784),4784,DIRULAG:UDAL GARRAIOA,2014,0.0,65289.96
1 05.481.01.334.10 2014 (4823),4823,DIRULAG:AUZO ELKARTEAK,2014,0.0,973.99
1 05.601.01.153.20 2014 (4786),4786,AZPIEGITURA ETA URBANIZ.:HERRIKO KALEAK,2014,0.0,35358.46
1 05.609.01.153.30 2014 (4787),4787,BESTEL.INBERTSIOAK: HERRIKO KALEAK,2014,0.0,23565.96
1 05.623.02.161.00 2014 (4790),4790,INSTALAZIOAK: UR HORNIDURA,2014,0.0,3193.97
1 05.625.99.162.10 2014 (4791),4791,KONPOST KOMUNITARIOA EGITEKO MATERIALA,2014,0.0,0.0
1 01.100.01.912.00 2015 (4245),4245,ORDAINKETAK:GOBERNU ORGANOAK,2015,78659.0,95346.7
1 01.110.01.912.00 2015 (4246),4246,ALDI BAT.PERTS:GOBERNU ORGANOAK,2015,97477.0,112267.63
1 01.120.01.132.00 2015 (4247),4247,FUN.OINA.ORD:UDALTZAINGOA,2015,375433.0,318424.32
1 01.120.01.150.00 2015 (4248),4248,FUN.OINA.ORD:HIRIGINTZA,2015,114248.0,84765.7
1 01.120.01.153.40 2015 (4249),4249,FUN.OINA.ORD:OBRETAKO LANTALDEA,2015,146735.0,125037.09
1 01.120.01.153.50 2015 (4250),4250,FUN.OINA.ORD:ZERBITZU PUBLIKOAK,2015,28148.0,31210.58
1 01.120.01.161.00 2015 (4251),4251,FUN.OINA.ORD:UR HORNIDURA,2015,31163.0,26090.89
1 01.120.01.164.00 2015 (4252),4252,FUN.OINA.ORD:HILERRIA,2015,8125.0,7159.77
1 01.120.01.165.00 2015 (4253),4253,FUN.OINA.ORD:KALEKO ARGIKUNTZA,2015,51117.0,51019.5
1 01.120.01.170.00 2015 (4254),4254,FUN.OINA.ORD:INGURUGIROA,2015,37134.0,36531.52
1 01.120.01.171.00 2015 (4255),4255,FUN.OINA.ORD:PARKEAK ETA LORATEGIAK,2015,14385.0,14436.1
1 01.120.01.230.02 2015 (4256),4256,FUN.OINA.ORD:LANKIDETZA,2015,1767.0,2124.12
1 01.120.01.231.00 2015 (4257),4257,FUN.OINA.ORD:BERDINTASUNA,2015,41695.0,33796.89
1 01.120.01.231.03 2015 (4836),4836,FUN.OINA.ORD: GAZTERIA.,2015,0.0,4390.57
1 01.120.01.241.00 2015 (4258),4258,FUNTZ. OINARR.: TOKI GARAPENA,2015,30750.0,56413.85
1 01.120.01.323.00 2015 (4259),4259,FUN.OINA.ORD:IKASTETXEAK,2015,31518.0,37729.32
1 01.120.01.323.30 2015 (4260),4260,FUN.OINA.ORD:HAUR-ESKOLA,2015,0.0,0.0
1 01.120.01.326.01 2015 (4261),4261,FUN.OINA.ORD:MUSIKA ESKOLA,2015,224579.0,215374.25
1 01.120.01.330.00 2015 (4262),4262,FUN.OINA.ORD:KULTURA ZERBITZUA,2015,35927.0,32268.13
1 01.120.01.332.10 2015 (4263),4263,FUN.OINA.ORD:LIBURUTEGIA,2015,82175.0,77611.7
1 01.120.01.333.00 2015 (4264),4264,FUN.OINA.ORD:KULTUR ETXEA,2015,22501.0,18836.93
1 01.120.01.335.00 2015 (4265),4265,FUN.OINA.ORD:EUSKARA ZERBITZUA,2015,52612.0,54812.04
1 01.120.01.335.10 2015 (4266),4266,FUN.OINA.ORD:EUSKALTEGIA,2015,133636.0,131630.71
1 01.120.01.335.30 2015 (4267),4267,FUN.OINA.ORD:EUSKARA PLANA,2015,37002.0,29396.15
1 01.120.01.335.40 2015 (4268),4268,FUN.ORD.OSAG:UDALEKUAK,2015,0.0,55687.18
1 01.120.01.342.00 2015 (4269),4269,FUN.OINA.ORD:KIROLDEGIA,2015,171834.0,168673.09
1 01.120.01.342.01 2015 (4270),4270,FUN.OINA.ORD:IGERILEKUAK,2015,7679.0,0.0
1 01.120.01.414.00 2015 (4271),4271,FUN.OINA.ORD:INGURUNEAREN HOBEKUNTZA,2015,10388.0,10388.14
1 01.120.01.432.00 2015 (4272),4272,FUN.OINA.ORD:TURISMOA,2015,16809.0,17486.28
1 01.120.01.912.00 2015 (4841),4841,LAN.KONTR.OINARRIAK:GOBERNU ORGANOAK,2015,0.0,1064.68
1 01.120.01.920.00 2015 (4273),4273,FUN.OINA.ORD:ADMINISTRAZIO OROKORRA,2015,122451.0,113843.21
1 01.120.01.920.10 2015 (4274),4274,FUN.OINA.ORD:PERTSONALA,2015,47299.0,51052.84
1 01.120.01.920.11 2015 (4275),4275,FUN.OINA.ORD:SEGUR.ETA OSASUNA,2015,18839.0,18864.4
1 01.120.01.920.20 2015 (4276),4276,FUN.OINA.ORD:INFORMATIKA,2015,33835.0,28920.08
1 01.120.01.920.30 2015 (4277),4277,FUN.OINA.ORD:ARTXIBOA,2015,32901.0,27427.3
1 01.120.01.929.10 2015 (4278),4278,FUN.OINA.ORD:BAKE EPAITEGIA,2015,3780.0,3725.12
1 01.120.01.931.00 2015 (4279),4279,FUN.OINA.ORD:ADMINIST.EKONOMIKOA,2015,118425.0,124344.46
1 01.120.01.932.00 2015 (4280),4280,FUN.OINA.ORD:BILKETA,2015,79896.0,84867.46
1 01.120.01.933.00 2015 (4281),4281,FUN.OINA.ORD:ONDAREA ETA KONTRATAZIOA,2015,52628.0,47076.09
1 01.121.06.920.10 2015 (4282),4282,LANGILEEN ORDEZKAPENETARAKO POLTSA,2015,140000.0,0.0
1 01.121.99.132.00 2015 (4283),4283,FUN.ORD.OSAG:UDALTZAINGOA,2015,698760.0,742889.5
1 01.121.99.150.00 2015 (4284),4284,FUN.ORD.OSAG:HIRIGINTZA,2015,164953.0,151042.91
1 01.121.99.153.40 2015 (4285),4285,FUN.ORD.OSAG:OBRETAKO LANTALDEA,2015,253869.0,243342.83
1 01.121.99.153.50 2015 (4286),4286,FUN.ORD.OSAG:ZERBITZU PUBLIKOAK,2015,39656.0,45099.29
1 01.121.99.161.00 2015 (4287),4287,FUN.ORD.OSAG:UR HORNIDURA,2015,58876.0,52940.38
1 01.121.99.164.00 2015 (4288),4288,FUN.ORD.OSAG:HILERRIA,2015,18671.0,27593.03
1 01.121.99.165.00 2015 (4289),4289,FUN.ORD.OSAG:KALEKO ARGIKUNTZA,2015,95696.0,109553.32
1 01.121.99.170.00 2015 (4290),4290,FUN.ORD.OSAG:INGURUGIROA,2015,39367.0,39399.66
1 01.121.99.171.00 2015 (4291),4291,FUN.ORD.OSAG:PARKEAK ETA LORATEGIAK,2015,18526.0,19236.7
1 01.121.99.230.02 2015 (4292),4292,FUN.ORD.OSAG:LANKIDETZA,2015,3991.0,488.16
1 01.121.99.231.00 2015 (4293),4293,FUN.ORD.OSAG:BERDINTASUNA,2015,58497.0,55301.86
1 01.121.99.231.03 2015 (4837),4837,FUNTZ. OSAGAR.: GAZTERIA.,2015,0.0,5943.69
1 01.121.99.241.00 2015 (4294),4294,FUNTZ. OSAGAR.: TOKI GARAPENA,2015,38271.0,79093.61
1 01.121.99.323.00 2015 (4295),4295,FUN.ORD.OSAG:IKASTETXEAK,2015,50841.0,97017.68
1 01.121.99.323.30 2015 (4296),4296,FUN.ORD.OSAG:HAUR-ESKOLA,2015,0.0,0.0
1 01.121.99.326.01 2015 (4297),4297,FUN.ORD.OSAG:MUSIKA ESKOLA,2015,243115.0,247079.56
1 01.121.99.330.00 2015 (4298),4298,FUN.ORD.OSAG:KULTURA ZERBITZUA,2015,42171.0,42471.29
1 01.121.99.332.10 2015 (4299),4299,FUN.ORD.OSAG:LIBURUTEGIA,2015,86113.0,100409.04
1 01.121.99.333.00 2015 (4300),4300,FUN.ORD.OSAG:KULTUR ETXEA,2015,33894.0,61892.66
1 01.121.99.335.00 2015 (4301),4301,FUN.ORD.OSAG:EUSKARA ZERBITZUA,2015,57811.0,61689.96
1 01.121.99.335.10 2015 (4302),4302,FUN.ORD.OSAG:EUSKALTEGIA,2015,143391.0,149968.19
1 01.121.99.335.30 2015 (4303),4303,FUN.ORD.OSAG:EUSKARA PLANA,2015,36926.0,29289.46
1 01.121.99.335.40 2015 (4304),4304,FUN.ORD.OSAG:UDALEKUAK,2015,69160.0,14065.22
1 01.121.99.342.00 2015 (4305),4305,FUN.ORD.OSAG:KIROLDEGIA,2015,264849.0,283618.36
1 01.121.99.342.01 2015 (4306),4306,FUN.ORD.OSAG:IGERILEKUAK,2015,11796.0,0.0
1 01.121.99.414.00 2015 (4307),4307,FUN.ORD.OSAG:INGURUNEAREN HOBEKUNTZA,2015,18526.0,18525.78
1 01.121.99.432.00 2015 (4308),4308,FUN.ORD.OSAG:TURISMOA,2015,18463.0,18462.92
1 01.121.99.912.00 2015 (4309),4309,LAN.KONTR.OSAG:GOBERNU ORGANOAK,2015,6985.0,2024.25
1 01.121.99.920.00 2015 (4310),4310,FUN.ORD.OSAG:ADMINISTRAZIO OROKORRA,2015,170230.0,163931.91
1 01.121.99.920.10 2015 (4311),4311,FUN.ORD.OSAG:PERTSONALA,2015,57307.0,72322.69
1 01.121.99.920.11 2015 (4312),4312,FUN.ORD.OSAG:SEGUR ETA OSASUNA,2015,21500.0,25700.75
1 01.121.99.920.20 2015 (4313),4313,FUN.ORD.OSAG:INFORMATIKA,2015,45154.0,45165.44
1 01.121.99.920.30 2015 (4314),4314,FUN.ORD.OSAG:ARTXIBOA,2015,40070.0,37291.1
1 01.121.99.929.10 2015 (4315),4315,FUN.ORD.OSAG:BAKE EPAITEGIA,2015,4915.0,4842.6
1 01.121.99.931.00 2015 (4316),4316,FUN.ORD.OSAG:ADMINIST.EKONOMIKOA,2015,149990.0,173999.41
1 01.121.99.932.00 2015 (4317),4317,FUN.ORD.OSAG:BILKETA,2015,101558.0,117720.99
1 01.121.99.933.00 2015 (4318),4318,FUN.ORD.OSAG:ONDAREA ETA KONTRATAZIOA,2015,88964.0,71088.52
1 01.130.99.323.00 2015 (4319),4319,LAN.KONTR.OSAG: IKASTETXEAK,2015,36156.0,0.0
1 01.130.99.333.00 2015 (4320),4320,LAN.KONTR.OGAS:KULTUR ETXEA,2015,4100.0,0.0
1 01.131.01.241.01 2015 (4321),4321,LAN-KONT.LANG:ikastaroak,2015,40790.0,25286.75
1 01.131.01.241.02 2015 (4322),4322,LAN-KONT:lan sustapena-lanbide,2015,0.0,24962.49
1 01.131.01.241.03 2015 (4323),4323,LAN-KONT:lan sustapena-diputazioa,2015,55700.0,0.0
1 01.131.01.323.00 2015 (4324),4324,LAB.KONT.:IKASTETXEAK,2015,0.0,0.0
1 01.131.01.324.10 2015 (4325),4325,LAN-KONT.LANG:HLP programak,2015,90747.0,110531.99
1 01.131.01.330.00 2015 (4833),4833,LAB.KONT.:KULTURA.,2015,0.0,2623.23
1 01.131.01.333.00 2015 (4326),4326,LAN-KONT.LANG:KULTUR ETXEA,2015,0.0,0.0
1 01.131.01.342.00 2015 (4327),4327,LAB.KONT.:KIROLDEGIA,2015,12999.0,14927.7
1 01.131.02.342.00 2015 (4328),4328,lan berezietako langileen ordainsariak,2015,0.0,1043.89
1 01.160.01.132.00 2015 (4329),4329,GIZ.SEG+OLAZ:UDALTZAINGOA,2015,319129.0,301515.44
1 01.160.01.150.00 2015 (4330),4330,GIZ.SEG+OLAZ:HIRIGINTZA,2015,73188.0,50223.22
1 01.160.01.153.40 2015 (4331),4331,GIZ.SEG+OLAZ:OBRETAKO LANTALDEA,2015,132720.0,121490.33
1 01.160.01.153.50 2015 (4332),4332,GIZARTE SEGUR:ZERBITZU PUBLIKOAK,2015,17713.0,20906.26
1 01.160.01.161.00 2015 (4333),4333,GIZ.SEG+OLAZ:UR HORNIDURA,2015,32574.0,29554.38
1 01.160.01.164.00 2015 (4334),4334,GIZARTE SEGUR:HILERRIA,2015,8531.0,1772.78
1 01.160.01.165.00 2015 (4335),4335,GIZ.SEG+OLAZ:KALEKO ARGIKUNTZA,2015,51137.0,49717.64
1 01.160.01.170.00 2015 (4336),4336,GIZARTE SEGUR:INGURUGIROA,2015,19918.0,19818.77
1 01.160.01.171.00 2015 (4337),4337,GIZ.SEG+OLAZ:PARKEAK ETA LORATEGIAK,2015,12824.0,13164.92
1 01.160.01.230.02 2015 (4338),4338,GIZARTE SEGUR:LANKIDETZA,2015,1488.0,829.42
1 01.160.01.231.00 2015 (4339),4339,GIZARTE SEGUR:BERDINTASUNA,2015,28385.0,22333.57
1 01.160.01.231.03 2015 (4835),4835,GIZARTE SEGUR: GAZTERIA.,2015,0.0,3242.0
1 01.160.01.241.00 2015 (4340),4340,GIZARTE SEGUR:TOKI GARAPENA,2015,24904.0,39085.36
1 01.160.01.241.01 2015 (4341),4341,GIZARTE SEGUR:ikastaroak,2015,13144.0,8305.73
1 01.160.01.241.02 2015 (4342),4342,lIZARTE SEGURANTZA:lansustapena-Lanbide,2015,0.0,8267.91
1 01.160.01.241.03 2015 (4343),4343,GIZARTE SEGURANTZA:lansustapena-Diputazi,2015,18400.0,0.0
1 01.160.01.323.00 2015 (4344),4344,GIZARTE SEGUR:IKASTETXEAK,2015,41705.0,30997.85
1 01.160.01.323.30 2015 (4345),4345,GIZARTE SEGUR:HAUR-ESKOLA,2015,0.0,0.0
1 01.160.01.324.10 2015 (4346),4346,GIZARTE SEGUR:HLP programak,2015,30075.0,29216.29
1 01.160.01.326.01 2015 (4347),4347,GIZARTE SEGUR:MUSIKA ESKOLA,2015,132550.0,133506.93
1 01.160.01.330.00 2015 (4348),4348,GIZARTE SEGUR:KULTURA ZERBITZUA,2015,19817.0,20734.54
1 01.160.01.332.10 2015 (4349),4349,GIZARTE SEGUR:LIBURUTEGIA,2015,43743.0,40055.61
1 01.160.01.333.00 2015 (4350),4350,GIZARTE SEGUR:KULTUR ETXEA,2015,16126.0,3664.17
1 01.160.01.335.00 2015 (4351),4351,GIZARTE SEGUR:EUSKARA ZERBITZUA,2015,28940.0,30348.0
1 01.160.01.335.10 2015 (4352),4352,GIZARTE SEGUR:EUSKALTEGIA,2015,77283.0,82210.3
1 01.160.01.335.30 2015 (4353),4353,GIZARTE SEGUR:EUSKARA PLANA,2015,19724.0,16637.37
1 01.160.01.335.40 2015 (4354),4354,GIZARTE SEGUR:UDALEKUAK,2015,21682.0,21937.85
1 01.160.01.342.00 2015 (4355),4355,GIZ.SEG+OLAZ:KIROLDEGIA,2015,120786.0,107500.39
1 01.160.01.342.01 2015 (4356),4356,GIZARTE SEGUR:IGERILEKUAK,2015,6360.0,0.0
1 01.160.01.414.00 2015 (4357),4357,GIZARTE SEGUR:INGURUNEAREN HOBEKUNTZA,2015,8264.0,8283.16
1 01.160.01.432.00 2015 (4358),4358,GIZARTE SEGUR:TURISMOA,2015,9188.0,9408.16
1 01.160.01.912.00 2015 (4359),4359,GIZARTE SEGUR:GOBERNU ORGANOAK,2015,58529.0,65369.06
1 01.160.01.920.00 2015 (4360),4360,GIZ.SEG+OLAZ:ADMINISTRAZIO OROKORRA,2015,79646.0,76096.05
1 01.160.01.920.10 2015 (4361),4361,GIZ.SEG+OLAZ:PERTSONALA,2015,32175.0,35013.54
1 01.160.01.920.11 2015 (4362),4362,GIZARTE SEGUR:SEGUR.ETA OSASUNA,2015,10735.0,10977.12
1 01.160.01.920.20 2015 (4363),4363,GIZARTE SEGUR:INFORMATIKA,2015,20240.0,20354.88
1 01.160.01.920.30 2015 (4364),4364,GIZARTE SEGUR:ARTXIBOA,2015,18755.0,17132.98
1 01.160.01.929.10 2015 (4365),4365,GIZARTE SEGUR:BAKE EPITEGIA,2015,2644.0,2482.37
1 01.160.01.931.00 2015 (4366),4366,GIZ.SEG+OLAZ:ADMINISTRAZIO EKONOMIKOA,2015,70569.0,79143.73
1 01.160.01.932.00 2015 (4367),4367,GIZ.SEG+OLAZ:BILKETA,2015,58714.0,56102.0
1 01.160.01.933.00 2015 (4368),4368,GIZARTE SEGUR:ONDAREA ETA KONTRATAZIOA,2015,35976.0,32516.22
1 01.160.04.132.00 2015 (4369),4369,ELKARKIDETZA:UDALTZAINGOA,2015,13608.0,13631.52
1 01.160.04.150.00 2015 (4370),4370,ELKARKIDETZA:HIRIGINTZA,2015,8196.0,5033.58
1 01.160.04.153.40 2015 (4371),4371,ELKARKIDETZA:OBRETAKO LANTALDEA,2015,11394.0,7181.6
1 01.160.04.153.50 2015 (4372),4372,ELKARKIDETA:ZERBITZU PUBLIKOAK,2015,1899.0,2515.34
1 01.160.04.161.00 2015 (4373),4373,ELKARKIDETZA:UR HORNIDURA,2015,949.0,1288.58
1 01.160.04.164.00 2015 (4374),4374,ELKARKIDETZA:HILERRIA,2015,949.0,949.48
1 01.160.04.165.00 2015 (4375),4375,ELKARKIDETZA:KALEKO ARGIKUNTZA,2015,949.0,1695.5
1 01.160.04.170.00 2015 (4376),4376,ELKARKIDETZA:INGURUGIROA,2015,1696.0,1695.82
1 01.160.04.171.00 2015 (4377),4377,ELKARKIDETZA:PARKEAK ETA LORATEGIAK,2015,949.0,949.48
1 01.160.04.231.00 2015 (4378),4378,ELKARKIDETZA:BERDINTASUNA,2015,4668.0,1009.2
1 01.160.04.241.00 2015 (4379),4379,ELKARKIDETZA:TOKI GARAPENA,2015,2334.0,1709.16
1 01.160.04.323.00 2015 (4380),4380,ELKARKIDETZA:IKASTETXEAK,2015,2848.0,3797.92
1 01.160.04.323.30 2015 (4381),4381,ELKARKIDETZA:HAUR-ESKOLA,2015,0.0,0.0
1 01.160.04.326.01 2015 (4382),4382,ELKARKIDETZA:MUSIKA ESKOLA,2015,10642.0,10724.97
1 01.160.04.330.00 2015 (4383),4383,ELKARKIDETZA:KULTURA ZERBITZUA,2015,1899.0,890.1
1 01.160.04.332.10 2015 (4384),4384,ELKARKIDETZA:LIBURUTEGIA,2015,6177.0,6177.08
1 01.160.04.333.00 2015 (4385),4385,ELKARKIDETZA:KULTUR ETXEA,2015,1899.0,1898.96
1 01.160.04.335.00 2015 (4386),4386,ELKARKIDETZA:EUSKARA ZERBITZUA,2015,3905.0,4201.86
1 01.160.04.335.10 2015 (4387),4387,ELKARKIDETZA:EUSKALTEGIA,2015,9257.0,10036.96
1 01.160.04.335.30 2015 (4388),4388,ELKARKIDETZA:EUSKARA PLANA,2015,2769.0,2175.8
1 01.160.04.342.00 2015 (4389),4389,ELKARKIDETZA:KIROLDEGIA,2015,14207.0,12309.5
1 01.160.04.342.01 2015 (4390),4390,ELKARKIDETZA:IGERILEKUAK,2015,949.0,0.0
1 01.160.04.414.00 2015 (4391),4391,ELKARKIKETZA:INGURUNEAREN HOBEKUNTZA,2015,949.0,949.48
1 01.160.04.432.00 2015 (4392),4392,ELKARKIDETZA:TURISMOA,2015,1385.0,1384.6
1 01.160.04.912.00 2015 (4393),4393,ELKARKIDETZA: GOBERNU ORGANOAK,2015,1134.0,1384.6
1 01.160.04.920.00 2015 (4394),4394,ELKARKIDETZA:ADMINISTRAZIO OROKORRA,2015,8902.0,7775.23
1 01.160.04.920.10 2015 (4395),4395,ELKARKIDETZA:PERTSONALA,2015,5664.0,2271.92
1 01.160.04.920.11 2015 (4396),4396,ELKARKIDETZA:SEGUR.ETA OSASUNA,2015,1386.0,1384.6
1 01.160.04.920.20 2015 (4397),4397,ELKARKIDETZA:INFORMATIKA,2015,2521.0,1384.6
1 01.160.04.920.30 2015 (4398),4398,ELKARKIDETZA:ARTXIBOA,2015,1694.0,1695.82
1 01.160.04.929.10 2015 (4399),4399,ELKARKIDETZA:BAKE EPAITEGIA,2015,952.0,361.76
1 01.160.04.931.00 2015 (4400),4400,ELKARKIDETZA:ADMINISTRAZIO EKONOMIKOA,2015,3966.0,3967.74
1 01.160.04.932.00 2015 (4401),4401,ELKARKIDETZA:BILKETA,2015,5928.0,5631.74
1 01.160.04.933.00 2015 (4402),4402,ELKARKIDETZA:ONDAREA ETA KONTRATAZIOA,2015,4528.0,1135.96
1 01.160.06.920.10 2015 (4411),4411,ASISTENTZIA MEDIKU-FARMAZEUTIKOA,2015,5500.0,4950.0
1 01.161.03.920.10 2015 (4412),4412,ERRETIRO AURRERATUEN KALTE-ORDAINAK,2015,159000.0,146223.64
1 02.162.01.335.30 2015 (4413),4413,LANGILEAK EUSKALDUNTZEKO POLTSA,2015,3000.0,2217.7
1 02.162.01.920.10 2015 (4414),4414,LANGILEEN PRESTAKUNTZAKO GASTUAK,2015,20000.0,6518.86
1 02.162.05.912.00 2015 (4415),4415,BIZITZA ETA ISTRIPU ASEG:GOBERNU ORGANOA,2015,3500.0,0.0
1 02.162.05.920.10 2015 (4416),4416,BIZITZA ETA ISTRIPU ASEG:PERTSONALA,2015,37000.0,38589.47
1 02.211.01.342.00 2015 (4417),4417,MANTEN:KIROLDEGIA,2015,85000.0,56121.17
1 02.211.01.342.01 2015 (4418),4418,MANTEN:IGERILEKUAK,2015,16000.0,12907.65
1 02.211.01.342.02 2015 (4419),4419,MANTEN:ZUBIPE ZELAIA,2015,6000.0,36827.59
1 02.211.01.342.03 2015 (4420),4420,MANTEN:LANDARE ZELAIA,2015,6000.0,59908.09
1 02.211.01.342.09 2015 (4421),4421,MANTEN:B.KIROL INSTALAKUNTZAK,2015,2500.0,2476.44
1 02.212.01.342.00 2015 (4422),4422,GIMNASIOKO MAK.KONPONKETA,2015,6600.0,7808.1
1 02.213.01.132.00 2015 (4423),4423,MANT.IBILG:UDALTZAINGOA,2015,12240.0,10461.37
1 02.215.01.920.20 2015 (4424),4424,MANT:EKIPO INFORMATIKOA,2015,35000.0,33683.47
1 02.220.02.241.00 2015 (4425),4425,PRENTSA:TOKI GARAPENA,2015,750.0,40.7
1 02.220.02.920.30 2015 (4426),4426,"LIBURUAK,ALDIZKARIAK:ARTXIBOA",2015,1500.0,23.17
1 02.221.04.132.00 2015 (4427),4427,ERREGAIA: UDALTZAINGOA,2015,9180.0,9952.17
1 02.221.05.920.10 2015 (4428),4428,ARROPAK,2015,10000.0,9322.46
1 02.221.06.323.30 2015 (4429),4429,ELIKAGAIAK:HAUR-ESKOLA,2015,20000.0,25081.04
1 02.221.08.342.00 2015 (4430),4430,FARMAZI EKOIZKINAK: KIROLDEGIA,2015,1000.0,24.08
1 02.221.13.342.00 2015 (4431),4431,IGERITEG.PRODUKT.BEREZIAK,2015,6000.0,6484.71
1 02.221.13.342.01 2015 (4432),4432,PRODUKT.BEREZ:IGERILEKUAK,2015,10000.0,6343.58
1 02.221.14.342.00 2015 (4433),4433,KIROL MATERIALA,2015,5000.0,1352.7
1 02.221.15.342.00 2015 (4434),4434,BAINUTXANO HORNIDURA,2015,200.0,0.0
1 02.221.98.334.10 2015 (4435),4435,AUZO.HAUR TAIEL.MATERIALA,2015,2121.0,849.02
1 02.221.99.231.03 2015 (4436),4436,MATERIALA:GAZTEDIA,2015,6000.0,5995.72
1 02.221.99.334.10 2015 (4437),4437,KULTURAKO TAILERRAKO MATERIALAK,2015,3000.0,782.41
1 02.222.01.920.00 2015 (4438),4438,KOMUNIKAZIO TELEFONIKOAK,2015,49000.0,54466.2
1 02.222.02.920.00 2015 (4439),4439,KOMUNIKAZIO POSTA BIDEZKOAK,2015,30000.0,33221.38
1 02.222.05.920.20 2015 (4440),4440,KOMUNIKAZIO INFORMATIKOAK,2015,138000.0,132027.47
1 02.224.01.933.00 2015 (4441),4441,ERAIKINEN ASEGURUA,2015,51600.0,40171.08
1 02.224.02.933.00 2015 (4442),4442,IBILGAILUEN ASEGURUA,2015,7500.0,7716.37
1 02.224.99.933.00 2015 (4443),4443,ERANTZUKIZUN ZIBILEKO ASEGURUA,2015,27000.0,26580.64
1 02.226.02.912.00 2015 (4444),4444,PROTOK.ETA ORDEZK.ARRETAK,2015,6000.0,5707.65
1 02.226.03.323.00 2015 (4445),4445,PUBLIZITATEA:IKASTETXEAK,2015,2700.0,1821.05
1 02.226.03.326.01 2015 (4446),4446,PUBLIZITATEA:MUSIKA ESKOLA,2015,800.0,151.3
1 02.226.03.334.00 2015 (4447),4447,PUBLIZITATEA: KULTURA ZERBITZUA,2015,15000.0,10487.77
1 02.226.03.335.10 2015 (4448),4448,PUBLIZITATEA:EUSKALTEGIA,2015,4000.0,4489.01
1 02.226.03.912.00 2015 (4449),4449,PUBLIZIT:GOBERN.ORGANOAK,2015,15000.0,17845.72
1 02.226.03.920.30 2015 (4450),4450,ARGITALPENAK:ARTXIBOA,2015,10000.0,4659.2
1 02.226.03.932.00 2015 (4451),4451,PUBLIZITATEA:BILKETA,2015,1500.0,1115.92
1 02.226.04.920.00 2015 (4452),4452,GASTU JURIDIKOAK:ADMIN.OROKORRA,2015,20000.0,17579.64
1 02.226.06.231.03 2015 (4453),4453,GAZTERIA PROIEKTUAK,2015,20000.0,0.0
1 02.226.06.323.00 2015 (4454),4454,KULTUR EKINTZAK:IKASTETXEAK,2015,8000.0,2249.86
1 02.226.06.326.01 2015 (4455),4455,KONTZERTUAK:MUSIKA ESKOLA,2015,20305.0,18901.36
1 02.226.06.334.00 2015 (4456),4456,KULTUR EKINTZAK,2015,118777.0,117307.77
1 02.226.06.335.00 2015 (4457),4457,EKINTZA-KANPAINA:EUSKARA ZERBITZUA,2015,17000.0,14632.76
1 02.226.06.338.00 2015 (4458),4458,JAIAK ETA JAIALDIAK,2015,161020.0,157389.67
1 02.226.06.341.00 2015 (4690),4690,ESKOLA-KIROLA,2015,0.0,16999.78
1 02.226.06.342.00 2015 (4459),4459,EKINTZAK: KIROL JOLASGARRIAK,2015,12500.0,12430.18
1 02.226.06.920.30 2015 (4460),4460,IKERKETA.ARTXIBOA,2015,12000.0,6313.44
1 02.226.95.170.00 2015 (4461),4461,OLIO BERRERABILPENA.INGURUGIROA,2015,12000.0,11321.92
1 02.226.95.231.00 2015 (4462),4462,HEZKIDETZA PROGR.BERDINTASUNA,2015,42600.0,44885.12
1 02.226.95.231.02 2015 (4463),4463,HARRERA PLANA.INMIGRAZIOA,2015,18200.0,10200.0
1 02.226.96.170.10 2015 (4464),4464,ESKOLAKO AGENDA 21,2015,19000.0,13162.08
1 02.226.96.231.00 2015 (4465),4465,TAILERRAK.BERDINTASUNA,2015,35000.0,22564.09
1 02.226.96.231.02 2015 (4466),4466,H.GASTU:INMIGRAZIOA,2015,7800.0,5026.07
1 02.226.97.230.02 2015 (4467),4467,LANKIDETZA PROIEKTUAK.GASTUAK.,2015,2000.0,0.0
1 02.226.97.231.00 2015 (4468),4468,BESTE PROGR.BERDINTASUNA,2015,39000.0,24047.01
1 02.226.97.241.01 2015 (4469),4469,FUNTZ.GASTU:ikastaroak,2015,30735.0,18955.57
1 02.226.97.335.50 2015 (4470),4470,GASTETXO ALDIZKARIA,2015,5100.0,4893.36
1 02.226.97.920.00 2015 (4471),4471,IRAGARKI OFIZIALAK,2015,25000.0,43946.6
1 02.226.97.924.00 2015 (4472),4472,2.ESKUKO AZOKA,2015,3500.0,3000.03
1 02.226.98.132.00 2015 (4473),4473,H.GASTU:BIDE HEZIKETA,2015,6000.0,5955.12
1 02.226.98.170.10 2015 (4474),4474,TOKIKO AGENDA 21,2015,60700.0,35078.95
1 02.226.98.230.02 2015 (4475),4475,SENTIBERATZE KANPAINAK,2015,5000.0,4829.37
1 02.226.98.231.03 2015 (4476),4476,GAZTE-TXOKOA,2015,66105.0,65833.5
1 02.226.98.241.00 2015 (4477),4477,ORIENTAZIO ZERBITZUA,2015,100.0,12705.0
1 02.226.98.324.10 2015 (4478),4478,FUNTZ.GASTU:HLP programak,2015,16000.0,8387.09
1 02.226.98.335.00 2015 (4834),4834,EUSKARA-INICIATIVAS,2015,0.0,0.0
1 02.226.98.335.10 2015 (4479),4479,KANP.JARDUER.GAST:EUSKALTEGIA,2015,1000.0,1005.0
1 02.226.98.335.50 2015 (4480),4480,IKASLEEN TXOKOA,2015,5173.0,5172.75
1 02.226.98.912.00 2015 (4481),4481,TXOTX GARAIAREN HASIERA,2015,7000.0,6961.67
1 02.226.98.933.00 2015 (4482),4482,ONDASUN PARTIK.KALTEETAR.KALTE-ORDAINAK,2015,2000.0,9072.13
1 02.226.99.132.00 2015 (4483),4483,H.GASTU:UDALTZAINGOA,2015,6000.0,5946.7
1 02.226.99.170.00 2015 (4484),4484,H.GASTU: INGURUGIROA,2015,14000.0,18760.55
1 02.226.99.230.02 2015 (4485),4485,H.GASTU:LANKIDETZA,2015,7257.0,6244.6
1 02.226.99.231.03 2015 (4486),4486,H.GASTU:GAZTEDIA,2015,1000.0,575.96
1 02.226.99.241.03 2015 (4487),4487,FUNTZ.GASTU:enplegu prog-Diputazioa,2015,100.0,0.0
1 02.226.99.323.20 2015 (4488),4488,H.GASTU:INGURUMEN-HEZKUNTZA,2015,2000.0,3742.99
1 02.226.99.323.30 2015 (4489),4489,H.GASTU:HAUR-ESKOLA,2015,1500.0,182.52
1 02.226.99.326.01 2015 (4490),4490,H.GASTU:MUSIKA ESKOLA,2015,4900.0,4389.93
1 02.226.99.332.10 2015 (4491),4491,H.GASTU:LIBURUTEGIA,2015,30000.0,23310.53
1 02.226.99.334.00 2015 (4492),4492,H.GASTU:KULTURA ZERBITZUA,2015,2700.0,3897.25
1 02.226.99.335.00 2015 (4493),4493,H.GASTU:,2015,600.0,569.87
1 02.226.99.335.10 2015 (4494),4494,EKINTZAK:EUSKALTEGIA,2015,1500.0,861.38
1 02.226.99.335.20 2015 (4495),4495,BURUNTZALD.EUSKERA EGITASMOAK,2015,30000.0,28242.18
1 02.226.99.335.30 2015 (4496),4496,H.GASTU:EUSKARA PLANA,2015,900.0,120.84
1 02.226.99.335.40 2015 (4497),4497,H.GASTU:UDALEKUAK,2015,6000.0,5765.69
1 02.226.99.335.50 2015 (4498),4498,H.GASTU:EUSKARA-IRAKASKUNTZA,2015,7000.0,6740.3
1 02.226.99.338.00 2015 (4499),4499,H.GASTU:JAIAK,2015,5000.0,4472.46
1 02.226.99.342.00 2015 (4500),4500,H.GASTU:KIROLDEGIA,2015,6000.0,5595.49
1 02.226.99.342.01 2015 (4501),4501,H.GASTU:IGERILEKUAK,2015,2500.0,2599.66
1 02.226.99.432.00 2015 (4502),4502,H.GASTU: TURISMOA,2015,42000.0,33338.74
1 02.226.99.912.00 2015 (4503),4503,H.GASTU:GOBERNU ORGANOAK,2015,2000.0,3586.58
1 02.226.99.920.00 2015 (4504),4504,H.GASTU:ADMINIS.OROKORRA,2015,25000.0,26818.07
1 02.226.99.920.11 2015 (4505),4505,H.GASTU:SEGURT.OSASUNA,2015,10000.0,6476.43
1 02.226.99.920.30 2015 (4506),4506,H.GASTU:ARTXIBOA,2015,5000.0,4483.66
1 02.226.99.924.00 2015 (4507),4507,PARTEHARTZE EKIMENAK,2015,20000.0,33605.72
1 02.226.99.929.00 2015 (4509),4509,KREDITU GLOBALA,2015,238623.0,0.0
1 02.226.99.933.00 2015 (4510),4510,ETXEBIZITZEN GASTUAK (ALOKABIDE),2015,5200.0,5193.72
1 02.227.04.323.20 2015 (4511),4511,INGURUGIRO HEZKUNTZAKO KONTRATUA,2015,17000.0,13105.75
1 02.227.04.326.02 2015 (4512),4512,KONTRATUA: KANTUZ,2015,62000.0,61795.53
1 02.227.04.334.10 2015 (4513),4513,KULTURAKO TAILERREN KONTRATOA,2015,75000.0,69248.65
1 02.227.04.335.40 2015 (4514),4514,KONTRATUA: UDALEKUAK,2015,9862.0,0.0
1 02.227.04.342.00 2015 (4515),4515,KONTRATUA: MONITOREAK,2015,180000.0,187670.71
1 02.227.07.170.00 2015 (4516),4516,AZTERKETAK:INGURUGIROA,2015,20000.0,17511.94
1 02.227.07.323.00 2015 (4517),4517,HEZKUNTZA PROIEKTUAK,2015,15000.0,36332.02
1 02.227.07.335.00 2015 (4518),4518,AZTERKETAK:EUSKARA ZERBITZUA,2015,2000.0,112.11
1 02.227.07.912.00 2015 (4519),4519,AZTERKETAK:GOBERNU ORGANOAK,2015,23000.0,0.0
1 02.227.07.931.00 2015 (4520),4520,AZTERKETAK:ADM.EKONOMIKOA,2015,17000.0,16537.88
1 02.227.09.932.00 2015 (4521),4521,KONTRATUAK:BILKETA,2015,2000.0,811.2
1 02.227.98.132.00 2015 (4522),4522,KONT:ABAND.TXAK.JASOTZEKO,2015,8000.0,5381.14
1 02.227.98.231.00 2015 (4523),4523,PROG.EMAKUMEEN INDARKERIA:BERDINTASUNA,2015,20000.0,6943.24
1 02.227.98.342.00 2015 (4524),4524,SOROSLEAK KONTRATOA-KIROLDEGIA,2015,108000.0,105739.54
1 02.227.98.342.01 2015 (4525),4525,MANTEN.KONT:IGERILEKUAK,2015,9400.0,9386.51
1 02.227.99.150.00 2015 (4526),4526,HIRIGINTZA AHOLKUL.KONTRATUA,2015,18600.0,18585.6
1 02.227.99.323.30 2015 (4527),4527,SUKALDEKO KONTRATUA,2015,58410.0,51170.0
1 02.227.99.334.10 2015 (4528),4528,AUZOET.HAUR TAIL.KONTRATUA,2015,36600.0,31731.7
1 02.227.99.335.40 2015 (4529),4529,KONTRATUA:KIROL UDALEKUAK,2015,7000.0,7000.0
1 02.227.99.342.00 2015 (4530),4530,BESTE KONTRATUAK: KIROLDEGIA,2015,21000.0,11645.93
1 02.227.99.342.01 2015 (4531),4531,SOROSPEN KONT:IGERILEKUAK,2015,120000.0,120234.86
1 02.227.99.912.00 2015 (4532),4532,BIZIKIDETZA PROIEKTUA,2015,12000.0,14215.72
1 02.227.99.920.00 2015 (4533),4533,HAINB.KONTRATU ADMIN.OROKORRA,2015,20000.0,45239.15
1 02.227.99.920.11 2015 (4534),4534,KONTRATUAK:SEGURTAS.OSASUNA,2015,21680.0,18214.45
1 02.227.99.920.20 2015 (4722),4722,INFORMATIKA KANPO LANAK,2015,0.0,49288.71
1 02.230.01.912.00 2015 (4535),4535,DIETAK:GOBERNU ORGANOAK,2015,3000.0,4547.27
1 02.230.01.920.10 2015 (4536),4536,PERTSONALAREN DIETA,2015,8000.0,3572.09
1 02.332.01.011.00 2015 (4537),4537,MAILEGUEN INTERESAK,2015,15000.0,1712.34
1 02.360.01.011.00 2015 (4538),4538,ABALEN INTERESAK,2015,100.0,0.0
1 02.369.01.011.00 2015 (4539),4539,BESTELAKO FINANTZA-GASTUAK,2015,1500.0,1492.04
1 02.419.01.241.00 2015 (4540),4540,BIC-BERRILAN EZOHIKO APORTAZIOA,2015,32205.0,32204.66
1 02.419.01.326.03 2015 (4541),4541,DIRULAG:H.I.I.,2015,3577.0,3577.0
1 02.419.01.922.00 2015 (4542),4542,EKARPENA:EUDEL,2015,3000.0,0.0
1 02.419.02.922.00 2015 (4543),4543,EKARPENA:UDALBILTZA,2015,15000.0,15000.0
1 02.421.01.432.00 2015 (4544),4544,BEHEMENDIREKIKO TURISMO HITZARMENA,2015,14000.0,13217.91
1 02.422.01.241.00 2015 (4545),4545,BETERRI,2015,69000.0,33093.0
1 02.431.01.943.10 2015 (4546),4546,EKARPEN ARRUNTA:OSASUN PATRON.,2015,2116759.0,1773499.93
1 02.431.01.943.20 2015 (4547),4547,"EKARPEN ARRUNTA:""EREÑOTZU""",2015,263980.0,263980.0
1 02.471.01.334.00 2015 (4548),4548,DIRULAGUNTZA:ZINEMA EMAKIDARAKO,2015,27725.0,26900.0
1 02.480.01.230.02 2015 (4549),4549,DIRULAG:SAHARAKO KANPAM.,2015,2000.0,538.78
1 02.480.01.335.10 2015 (4550),4550,BEKAK EUSKALTEGIA,2015,29261.0,25959.06
1 02.481.01.230.02 2015 (4551),4551,EKARPENA:EUSKAL FONDOA,2015,3621.0,3558.51
1 02.481.01.241.00 2015 (4552),4552,BERRIAK ELKARTEA-HITZARMENA,2015,14000.0,8400.0
1 02.481.01.323.00 2015 (4553),4553,DIRULAG:IKASTETXEAK KANPOKO EKINTZ,2015,18000.0,14397.0
1 02.481.01.323.30 2015 (4554),4554,DIRULAG:HAUR-ESKOLA KANPOKO EK.,2015,400.0,400.0
1 02.481.01.334.00 2015 (4555),4555,DIRULAG:KULTURA(NORGEHIAGOKA),2015,73000.0,58198.04
1 02.481.01.334.20 2015 (4556),4556,DIRULAGUNTZA:MUSIKA BANDA,2015,83459.0,83459.0
1 02.481.01.334.30 2015 (4557),4557,DIRULAGUNTZA:TXISTULARI BANDA,2015,38813.0,38813.0
1 02.481.01.335.00 2015 (4558),4558,DIRULAG:EUSKARA (NORGEHIAGOKA),2015,50000.0,48612.78
1 02.481.01.341.00 2015 (4559),4559,DIRULAG:KIROL EKINTZAK,2015,29573.0,29572.99
1 02.481.01.912.00 2015 (4560),4560,DIRULAGUNTZAK:GOBERNU ORGANOAK,2015,30000.0,12000.0
1 02.481.01.920.30 2015 (4561),4561,EUSKO IKASKUNTZA HITZARMENA,2015,2500.0,2500.0
1 02.481.02.230.02 2015 (4562),4562,TRANSFERENTZIA: HIRUGARREN MUNDUA,2015,190000.0,43700.0
1 02.481.02.231.03 2015 (4563),4563,ALOKAIRU DIRULAG-GAZTERIA,2015,64000.0,39324.8
1 02.481.02.241.00 2015 (4689),4689,BIB S.COOP-INNOFOROA,2015,0.0,96756.64
1 02.481.02.334.10 2015 (4564),4564,DIRULAG:AUZO ELKARTEAK,2015,105696.0,99350.33
1 02.481.02.335.00 2015 (4565),4565,DIRULAG.:EUSKARA (ZUZENAK),2015,158655.0,124377.85
1 02.481.02.341.00 2015 (4566),4566,DIRULAG:ESKOLA-KIROLA,2015,17000.0,0.0
1 02.481.02.912.00 2015 (4567),4567,TALDE POLITIKO.DIRULAGUNTZAK,2015,52576.0,52575.22
1 02.481.03.231.02 2015 (4568),4568,DIRULAG:AMHER,2015,35600.0,40933.1
1 02.481.03.341.00 2015 (4569),4569,DIRULAG:KLUBAK,2015,60812.0,60812.0
1 02.481.03.912.00 2015 (4570),4570,DIRULAG.ETXEGABETZE EGOERAK,2015,30000.0,0.0
1 02.481.04.341.00 2015 (4571),4571,DIRULAG:KIROL EKIN.EZOHIZKOAK,2015,4088.0,4088.0
1 02.481.05.924.00 2015 (4572),4572,AUZOLAN PROGRAMAK,2015,50000.0,532.89
1 02.601.01.150.10 2015 (4573),4573,AZPIEGITURAK ETA URBANIZAZIOAK,2015,586300.0,468886.14
1 02.601.11.150.10 2015 (4838),4838,AZPIEGITURAK ETA URBANIZAZIOAK,2015,0.0,0.0
1 02.601.12.150.10 2015 (4840),4840,AZPIEGITURAK ETA URBANIZAZIOAK,2015,0.0,0.0
1 02.622.01.342.00 2015 (4575),4575,KIROLDEGIA BIRGAITZEA,2015,1260000.0,977860.92
1 02.622.01.342.01 2015 (4576),4576,IGERILEKUAK,2015,22200.0,9743.04
1 02.622.01.342.09 2015 (4577),4577,ATLETISMO PISTA,2015,22000.0,12988.75
1 02.623.02.342.00 2015 (4578),4578,INBERTSIOAK.KIROLA-PARTEHARTZE PROZESUA,2015,30000.0,13047.07
1 02.623.02.342.02 2015 (4832),4832,ZUBIPE.ZELAIA BERRITZEA,2015,0.0,152320.33
1 02.625.99.342.00 2015 (4579),4579,EKIPAMENDUA: KIROLDEGIA,2015,1300.0,658.99
1 02.626.01.920.20 2015 (4580),4580,INFORMAZIO-PROZESUETARAKO EKIPOAK,2015,30000.0,31097.91
1 02.628.01.332.10 2015 (4581),4581,FUNTS BIBLIOGRAFIKOAK,2015,40000.0,39025.91
1 02.629.01.334.00 2015 (4582),4582,KULTURA-INBERTSIOAK,2015,24900.0,32811.3
1 02.643.01.150.10 2015 (4583),4583,PROIEKTUAK: HIRIGINTZA,2015,226760.0,52692.77
1 02.644.01.920.20 2015 (4584),4584,APLIKAZIO INFORMATIKOAK,2015,15000.0,22475.57
1 02.685.99.326.01 2015 (4585),4585,MUSIKA TRESNAK,2015,3500.0,3416.64
1 02.731.01.943.10 2015 (4586),4586,"KAPITAL EKARPENA:""ONGINTZA""",2015,17000.0,17000.0
1 02.731.01.943.20 2015 (4587),4587,"KAPITAL EKARPENA:""EREÑOTZU""",2015,92689.0,92689.0
1 02.823.01.931.00 2015 (4588),4588,PERTSONALARENTZAKO AURRERAKINAK,2015,100.0,4800.0
1 02.832.01.943.20 2015 (4694),4694,"MAILEGUA:""EREÑOTZU""",2015,0.0,160000.0
1 02.933.01.011.00 2015 (4589),4589,MAILEGUEN AMORTIZAZIOA,2015,463000.0,440538.63
1 05.200.01.133.00 2015 (4590),4590,KARABELEKO TERR.ERRENTAMENDUA,2015,585.0,0.0
1 05.200.02.133.00 2015 (4591),4591,PORTUKO TERREN.ERRENTAMENDUA,2015,430.0,994.02
1 05.210.01.153.20 2015 (4592),4592,MANTEN:HERRIKO KALEAK,2015,200000.0,176436.12
1 05.210.01.153.70 2015 (4593),4593,MANTEN:LANDA BIDEAK,2015,40000.0,40000.0
1 05.210.01.160.00 2015 (4594),4594,MANTEN:SANEAMENDU ETA ARAZKETA,2015,20000.0,18291.0
1 05.210.01.161.00 2015 (4595),4595,MANTEN:URAK,2015,83000.0,84150.15
1 05.210.01.165.00 2015 (4596),4596,MANTEN:KALEKO ARGIKUNTZA,2015,100000.0,80796.84
1 05.210.01.171.00 2015 (4597),4597,MANTEN:PARKEAK ETA LORATEGIAK,2015,18000.0,21694.51
1 05.210.01.414.00 2015 (4598),4598,MANT:INGURUNEAREN HOBEKUNTZA,2015,4088.0,4259.96
1 05.211.01.132.00 2015 (4599),4599,MANT.ERAIKINA:UDALTZAINGOA,2015,3500.0,1209.95
1 05.211.01.153.50 2015 (4600),4600,MANTEN:PABILOIA,2015,4000.0,2828.64
1 05.211.01.164.00 2015 (4601),4601,MANTEN:HILERRIA,2015,8000.0,7354.7
1 05.211.01.311.01 2015 (4602),4602,MANTEN:KOMUNAK,2015,1000.0,1377.38
1 05.211.01.323.10 2015 (4603),4603,MANTEN.ERAIKINAK:IKASTETXEAK,2015,150000.0,201276.42
1 05.211.01.323.30 2015 (4604),4604,MANTEN.ERAIKINA:HAUR-ESKOLA,2015,4000.0,7835.03
1 05.211.01.326.01 2015 (4605),4605,MANTEN.ERAIKINA:MUSIKA ESKOLA,2015,2000.0,1092.24
1 05.211.01.326.03 2015 (4606),4606,MANT.ERAIKINA:H.I.I.,2015,1000.0,993.52
1 05.211.01.333.00 2015 (4607),4607,MANTEN ERAIKINA:KULTUR ETXEA,2015,5000.0,7107.56
1 05.211.01.920.01 2015 (4608),4608,MANTEN:UDALETXEA,2015,3500.0,6591.47
1 05.211.01.920.02 2015 (4609),4609,MANTEN:UDAL ERAIKINAK,2015,85000.0,86595.66
1 05.211.01.929.10 2015 (4610),4610,MANT.ERAIKINA:EPAITEGIA,2015,500.0,61.13
1 05.212.01.133.00 2015 (4611),4611,MANT:SEMAFOROAK,2015,5000.0,1991.87
1 05.212.01.136.00 2015 (4612),4612,"MANT.MAK,TRESN:SUHILTZAILEAK",2015,400.0,57.92
1 05.212.01.153.50 2015 (4613),4613,MANT.MAKIN:PABILOIA,2015,13500.0,7889.99
1 05.212.01.323.10 2015 (4614),4614,MANT.MAKIN:IKASTETXEAK,2015,40000.0,27255.42
1 05.212.01.323.30 2015 (4615),4615,MANT.MAKIN:HAUR-ESKOLA,2015,9000.0,4752.34
1 05.212.01.326.01 2015 (4616),4616,MANT.MAKIN:MUSIKA ESKOLA,2015,4000.0,3022.32
1 05.212.01.326.03 2015 (4617),4617,MANT.MAKIN:H.I.I.,2015,3000.0,1719.48
1 05.212.01.333.00 2015 (4618),4618,MANT.MAKIN:KULTUR ETXEA,2015,8000.0,6250.94
1 05.212.01.414.00 2015 (4619),4619,MANT.MAKIN:INGURUN.HOBEKUNTZA,2015,5000.0,1303.87
1 05.212.01.920.01 2015 (4620),4620,MANT.MAKIN:UDALETXEA,2015,12000.0,7098.21
1 05.212.01.920.02 2015 (4621),4621,MANT.MAKIN:UDAL ERAIKINAK,2015,22000.0,23881.82
1 05.212.01.929.10 2015 (4622),4622,MANT.MAKIN:EPAITEGIA,2015,1500.0,976.33
1 05.213.01.153.40 2015 (4623),4623,MANT.IBILG:OBRETAKO LANTALDEA,2015,9500.0,14333.43
1 05.213.01.161.00 2015 (4624),4624,MANT.IBILG:URAK,2015,3500.0,1327.23
1 05.213.01.165.00 2015 (4625),4625,MANT.IBILG:KALEKO ARGIKUNTZA,2015,4100.0,1854.22
1 05.213.01.323.10 2015 (4626),4626,MANT.IBILG:IKASTETXEAK,2015,500.0,820.4
1 05.213.01.414.00 2015 (4627),4627,MANT.IBILG:INGURUN.HOBEKUNTZA,2015,1932.0,1455.67
1 05.213.01.920.01 2015 (4628),4628,MANT.IBILG:ADMIN.OROKORRA,2015,800.0,944.85
1 05.214.01.920.01 2015 (4629),4629,MANT.BULEGO EKIPOA,2015,15000.0,33867.08
1 05.220.01.920.01 2015 (4630),4630,BULEGO-MATER.:ADMIN.OROKORRA,2015,25000.0,33916.39
1 05.221.01.161.00 2015 (4631),4631,ENERG.ELEKT:URAK,2015,25000.0,28680.23
1 05.221.01.165.00 2015 (4632),4632,ENERG.ELEKT:KALEKO ARGIKUNTZA,2015,262000.0,278945.78
1 05.221.01.920.02 2015 (4633),4633,ENERG.ELEKT:UDAL ERAIKINAK,2015,308030.0,342593.74
1 05.221.02.160.00 2015 (4634),4634,AÑARBE-SANEAMENTUA,2015,521324.0,513773.17
1 05.221.02.161.00 2015 (4635),4635,AÑARBE-ABASTECIMIENTO AGUA,2015,418676.0,411178.13
1 05.221.03.920.02 2015 (4636),4636,GASA: UDAL ERAIKINAK,2015,180000.0,172435.14
1 05.221.04.153.40 2015 (4637),4637,ERREGAIA:OBRETAKO LANTALDEA,2015,9500.0,10060.06
1 05.221.04.161.00 2015 (4638),4638,ERREGAIA:URAK,2015,3000.0,1875.61
1 05.221.04.165.00 2015 (4639),4639,ERREGAIA:KALEKO ARGIKUNTZA,2015,5000.0,3554.04
1 05.221.04.323.10 2015 (4640),4640,ERREGAIA:IKASTETXEAK,2015,800.0,1243.5
1 05.221.04.414.00 2015 (4641),4641,ERREGAIA:INGURUN.HOBEKUNTZA,2015,1230.0,1436.64
1 05.221.04.920.01 2015 (4642),4642,ERREGAIA:ADMINIST.OROKORRA,2015,800.0,415.92
1 05.221.09.920.02 2015 (4643),4643,GARBIK.PROD.:UDAL ERAIKINAK,2015,15000.0,16935.93
1 05.221.11.136.00 2015 (4644),4644,TRESNAK ETA ERREM:SUHILTZAILEAK,2015,500.0,311.78
1 05.221.11.153.40 2015 (4645),4645,ERREMINTAK:OBRETAKO LANTALDEA,2015,4000.0,6579.33
1 05.221.11.161.00 2015 (4646),4646,TRESNAK ERREM:URAK,2015,4500.0,604.55
1 05.221.11.164.00 2015 (4647),4647,ERREMINTAK:HILERRIA,2015,400.0,405.52
1 05.221.11.165.00 2015 (4648),4648,TRESNAK:KALEKO ARGIKUNTZA,2015,5000.0,2289.13
1 05.221.99.161.00 2015 (4649),4649,B.HORNIDURAK:URAK,2015,500.0,450.27
1 05.226.01.153.50 2015 (4650),4650,KANONAK:ZERBITZU PUBLIKOAK,2015,1051.0,1092.77
1 05.226.01.160.00 2015 (4651),4651,SANEAMENDUKO KANONA,2015,32000.0,30578.07
1 05.226.06.414.00 2015 (4652),4652,ZUHAITZ EGUNA,2015,3000.0,2143.33
1 05.226.99.135.00 2015 (4653),4653,H.GASTU:BABES ZIBILA,2015,4000.0,3825.57
1 05.226.99.153.50 2015 (4654),4654,H.GASTU:ZERBITZU PUBLIKOAK,2015,3000.0,2376.0
1 05.226.99.161.00 2015 (4655),4655,H.GASTU:URAK,2015,5000.0,4426.3
1 05.226.99.162.10 2015 (4656),4656,H.GASTU:HONDAKINEN KUDEAKETA,2015,50000.0,46252.45
1 05.226.99.241.00 2015 (4657),4657,H.GASTU:TRANSPACAR,2015,4000.0,0.0
1 05.226.99.333.00 2015 (4658),4658,H.GASTU:KULTUR ETXEA,2015,500.0,138.61
1 05.226.99.929.10 2015 (4659),4659,H.GASTU:EPAITEGIA,2015,400.0,361.59
1 05.227.01.163.00 2015 (4660),4660,KALE GARBIKETA KONTRATUA,2015,1020000.0,1020000.0
1 05.227.01.920.02 2015 (4661),4661,GARBITZEKO KONT:UDAL ERAIKINAK,2015,1171979.0,1171385.1
1 05.227.97.134.00 2015 (4662),4662,KONT:IGOGAILU.MANTEN.,2015,21500.0,20071.31
1 05.227.98.133.00 2015 (4663),4663,KONTRAT:KASKORA SARTZEKO,2015,18000.0,16615.41
1 05.227.98.153.50 2015 (4664),4664,KARTOGRAFIEN MANTENTZE KONTRATUA,2015,15000.0,13593.55
1 05.227.98.162.10 2015 (4665),4665,"HONDAK.BILKETA,TRATAM.ZERB.",2015,1533000.0,1600088.96
1 05.227.99.133.00 2015 (4666),4666,KONT:SEMAFOROEN MANTEN.,2015,9500.0,13720.0
1 05.227.99.171.00 2015 (4667),4667,MANTEN.KONT:PARKEAK LORATEGIAK,2015,435000.0,433191.66
1 05.227.99.311.00 2015 (4668),4668,KONTRATUA:ARRATOI-GARBIKETA,2015,11000.0,7416.96
1 05.227.99.311.01 2015 (4669),4669,KONTRATUA:KOMUNAK,2015,37052.0,42919.26
1 05.421.01.162.10 2015 (4670),4670,EKARPENA:SAN MARCOS,2015,249000.0,248261.3
1 05.422.01.414.00 2015 (4671),4671,EKARPENA:BEHEMENDI SASIAK GARBITZEKO,2015,40000.0,56098.86
1 05.422.01.441.10 2015 (4672),4672,GARRAIO AGENTZIARI EKARPENA,2015,5000.0,9970.76
1 05.422.02.414.00 2015 (4673),4673,EKARPENA:BEHEMENDI,2015,38300.0,28188.82
1 05.471.01.441.10 2015 (4674),4674,DIRULAG:UDAL GARRAIOA,2015,79766.0,77897.0
1 05.601.01.153.20 2015 (4675),4675,AZPIEGITURA ETA URBANIZ.:HERRIKO KALEAK,2015,45000.0,111911.87
1 05.601.01.153.70 2015 (4839),4839,AZPIEGITURAK ETA URBANIZAZIOAK,2015,0.0,0.0
1 05.609.01.134.00 2015 (4676),4676,IRISGARRITASUN PLANA,2015,90000.0,56235.71
1 05.609.01.153.30 2015 (4677),4677,BESTEL.INBERTSIOAK: HERRIKO KALEAK,2015,25000.0,0.0
1 05.609.02.153.30 2015 (4678),4678,PARKEAK,2015,165000.0,3379.53
1 05.609.03.153.30 2015 (4679),4679,KALE ALTZ,2015,22000.0,11729.34
1 05.622.01.311.01 2015 (4680),4680,KOMUN PUBLIKOAK,2015,83000.0,40291.47
1 05.622.01.323.10 2015 (4831),4831,IKASTETXEAK-ERAIKUNTZA OBRAK,2015,0.0,18096.03
1 05.622.01.920.02 2015 (4681),4681,ERAIKUNTZAK: UDAL ERAIKINAK,2015,33500.0,42982.47
1 05.623.01.153.30 2015 (4682),4682,MAKINARIA,2015,40000.0,0.0
1 05.623.02.161.00 2015 (4683),4683,INSTALAZIOAK: UR HORNIDURA,2015,262000.0,37609.55
1 05.623.02.165.00 2015 (4684),4684,INSTALAZIOAK: KALEKO ARGIKUNTZA,2015,70000.0,65117.45
1 05.624.01.153.40 2015 (4685),4685,IBILGAIUAK,2015,0.0,3733.39
1 05.624.01.165.00 2015 (4686),4686,IBILGAILUA ELEKTRIKARIAK,2015,7000.0,5990.0
1 05.625.99.162.10 2015 (4688),4688,KONPOST KOMUNITARIOA EGITEKO MATERIALA,2015,30000.0,26035.02
