Partida,Código ,Descripción,Ppto. Inicial,Ppto. Definitivo,Retenciones,Autorizado,Disponible,Dispuesto,Obligación,ME,Pago,Año,Funcional,Dirección,Capítulo,Sección,Orgánica
1 01.100.01.912.00 2019,4245.0,Cargos Públicos,211909.0,211909.0,0.0,192891.64,19017.36,192891.64,192891.64,192891.64,192891.64,2019,91200,,1,,01
1 01.110.01.132.00 2019,5608.0,Personal Eventual,48300.0,48300.0,0.0,49403.72,-1103.72,49403.72,49403.72,49403.72,49403.72,2019,13200,,1,,01
1 01.110.01.912.00 2019,4246.0,Personal Eventual,30373.0,30373.0,0.0,42949.52,-12576.52,42949.52,42949.52,42949.52,42949.52,2019,91200,,1,,01
1 01.120.01.132.00 2019,4247.0,Retribucion básica.,339585.0,339585.0,0.0,354030.52,-14445.52,354030.52,354030.52,354030.52,354030.52,2019,13200,,1,,01
1 01.120.01.151.00 2019,4248.0,Retribucion básica.,145122.0,145122.0,0.0,127744.01,17377.99,127744.01,127744.01,127744.01,127744.01,2019,15100,,1,,01
1 01.120.01.153.40 2019,4249.0,Retribucion básica.,198414.0,198414.0,0.0,154438.77,43975.23,154438.77,154438.77,154438.77,154438.77,2019,15340,,1,,01
1 01.120.01.161.00 2019,4251.0,Retribucion básica.,42912.0,42912.0,0.0,54046.59,-11134.59,54046.59,54046.59,54046.59,54046.59,2019,16100,,1,,01
1 01.120.01.164.00 2019,4252.0,Retribucion básica.,8897.0,8897.0,0.0,8704.21,192.79,8704.21,8704.21,8704.21,8704.21,2019,16400,,1,,01
1 01.120.01.165.00 2019,4253.0,Retribucion básica.,13376.0,13376.0,0.0,15623.99,-2247.99,15623.99,15623.99,15623.99,15623.99,2019,16500,,1,,01
1 01.120.01.172.20 2019,4254.0,Retribucion básica.,20394.0,20394.0,0.0,21754.02,-1360.02,21754.02,21754.02,21754.02,21754.02,2019,17220,,1,,01
1 01.120.01.231.00 2019,4257.0,Retribucion básica.,43823.0,43823.0,0.0,47807.63,-3984.63,47807.63,47807.63,47807.63,47807.63,2019,23100,,1,,01
1 01.120.01.231.01 2019,4256.0,Retribucion básica.,925.0,925.0,0.0,2071.04,-1146.04,2071.04,2071.04,2071.04,2071.04,2019,23101,,1,,01
1 01.120.01.231.03 2019,4867.0,Retribucion básica.,24406.0,24406.0,0.0,20631.7,3774.3,20631.7,20631.7,20631.7,20631.7,2019,23103,,1,,01
1 01.120.01.241.00 2019,4258.0,Retribucion básica.,40130.0,40130.0,0.0,47033.07,-6903.07,47033.07,47033.07,47033.07,47033.07,2019,24100,,1,,01
1 01.120.01.323.10 2019,4259.0,Retribucion básica.,39735.0,39735.0,0.0,36594.37,3140.63,36594.37,36594.37,36594.37,36594.37,2019,32310,,1,,01
1 01.120.01.326.01 2019,4261.0,Retribucion básica.,242596.0,242596.0,0.0,238464.42,4131.58,238464.42,238464.42,238464.42,238464.42,2019,32601,,1,,01
1 01.120.01.330.00 2019,4262.0,Retribucion básica.,30267.0,30267.0,0.0,32472.03,-2205.03,32472.03,32472.03,32472.03,32472.03,2019,33000,,1,,01
1 01.120.01.332.10 2019,4263.0,Retribucion básica.,83776.0,83776.0,0.0,88061.46,-4285.46,88061.46,88061.46,88061.46,88061.46,2019,33210,,1,,01
1 01.120.01.333.00 2019,4264.0,Retribucion básica.,21093.0,21093.0,0.0,24794.52,-3701.52,24794.52,24794.52,24794.52,24794.52,2019,33300,,1,,01
1 01.120.01.335.00 2019,4265.0,Retribucion básica.,72733.0,72733.0,0.0,75180.14,-2447.14,75180.14,75180.14,75180.14,75180.14,2019,33500,,1,,01
1 01.120.01.335.10 2019,4266.0,Retribucion básica.,148290.0,148290.0,0.0,159557.09,-11267.09,159557.09,159557.09,159557.09,159557.09,2019,33510,,1,,01
1 01.120.01.335.30 2019,4267.0,Retribucion básica.,19554.0,19554.0,0.0,20019.37,-465.37,20019.37,20019.37,20019.37,20019.37,2019,33530,,1,,01
1 01.120.01.335.40 2019,5609.0,Retribucion básica.,45511.0,45511.0,0.0,53486.89,-7975.89,53486.89,53486.89,53486.89,53486.89,2019,33540,,1,,01
1 01.120.01.342.00 2019,4269.0,Retribucion básica.,200137.0,200137.0,0.0,153400.06,46736.94,153400.06,153400.06,153400.06,153400.06,2019,34200,,1,,01
1 01.120.01.342.01 2019,4270.0,Retribucion básica.,4538.0,4538.0,0.0,2488.31,2049.69,2488.31,2488.31,2488.31,2488.31,2019,34201,,1,,01
1 01.120.01.414.00 2019,4271.0,Retribucion básica.,8708.0,8708.0,0.0,10578.41,-1870.41,10578.41,10578.41,10578.41,10578.41,2019,41400,,1,,01
1 01.120.01.432.00 2019,4272.0,Retribucion básica.,18852.0,18852.0,0.0,19300.26,-448.26,19300.26,19300.26,19300.26,19300.26,2019,43200,,1,,01
1 01.120.01.920.00 2019,4273.0,Retribucion básica.,176323.0,176323.0,0.0,138047.82,38275.18,138047.82,138047.82,138047.82,138047.82,2019,92000,,1,,01
1 01.120.01.920.10 2019,4274.0,Retribucion básica.,49794.0,49794.0,0.0,51215.98,-1421.98,51215.98,51215.98,51215.98,51215.98,2019,92010,,1,,01
1 01.120.01.920.11 2019,4275.0,Retribucion básica.,20257.0,20257.0,0.0,20608.69,-351.69,20608.69,20608.69,20608.69,20608.69,2019,92011,,1,,01
1 01.120.01.920.20 2019,4276.0,Retribucion básica.,31357.0,31357.0,0.0,33908.26,-2551.26,33908.26,33908.26,33908.26,33908.26,2019,92020,,1,,01
1 01.120.01.920.30 2019,4277.0,Retribucion básica.,19538.0,19538.0,0.0,20878.18,-1340.18,20878.18,20878.18,20878.18,20878.18,2019,92030,,1,,01
1 01.120.01.924.00 2019,5880.0,Sueldo Base. Partehartzea,18852.0,18852.0,0.0,20019.37,-1167.37,20019.37,20019.37,20019.37,20019.37,2019,92400,,1,,01
1 01.120.01.929.10 2019,4278.0,Retribucion básica.,3501.0,3501.0,0.0,5458.07,-1957.07,5458.07,5458.07,5458.07,5458.07,2019,92910,,1,,01
1 01.120.01.931.00 2019,4279.0,Retribucion básica.,119470.0,119470.0,0.0,115543.27,3926.73,115543.27,115543.27,115543.27,115543.27,2019,93100,,1,,01
1 01.120.01.932.00 2019,4280.0,Retribucion básica.,70544.0,70544.0,0.0,73324.51,-2780.51,73324.51,73324.51,73324.51,73324.51,2019,93200,,1,,01
1 01.120.01.933.00 2019,4281.0,Retribucion básica.,45969.0,45969.0,0.0,48805.97,-2836.97,48805.97,48805.97,48805.97,48805.97,2019,93300,,1,,01
1 01.121.06.920.10 2019,4282.0,Fondo sustituciones refuerzo,48623.0,48623.0,0.0,0.0,48623.0,0.0,0.0,0.0,0.0,2019,92010,,1,,01
1 01.121.99.132.00 2019,4283.0,Retribucion complementaria,739423.0,739423.0,0.0,801747.88,-62324.88,801747.88,801747.88,801747.88,801747.88,2019,13200,,1,,01
1 01.121.99.151.00 2019,4284.0,Retribucion complementaria,228394.0,228394.0,0.0,224127.18,4266.82,224127.18,224127.18,224127.18,224127.18,2019,15100,,1,,01
1 01.121.99.153.40 2019,4285.0,Retribucion complementaria,367030.0,367030.0,0.0,312812.01,54217.99,312812.01,312812.01,312812.01,312812.01,2019,15340,,1,,01
1 01.121.99.161.00 2019,4287.0,Retribucion complementaria,95096.0,95096.0,0.0,118851.93,-23755.93,118851.93,118851.93,118851.93,118851.93,2019,16100,,1,,01
1 01.121.99.164.00 2019,4288.0,Retribucion complementaria,17702.0,17702.0,0.0,19005.29,-1303.29,19005.29,19005.29,19005.29,19005.29,2019,16400,,1,,01
1 01.121.99.165.00 2019,4289.0,Retribucion complementaria,19294.0,19294.0,0.0,24301.48,-5007.48,24301.48,24301.48,24301.48,24301.48,2019,16500,,1,,01
1 01.121.99.172.20 2019,4290.0,Retribucion complementaria,21568.0,21568.0,0.0,22011.26,-443.26,22011.26,22011.26,22011.26,22011.26,2019,17220,,1,,01
1 01.121.99.231.00 2019,4293.0,Retribucion complementaria,61265.0,61265.0,0.0,63679.54,-2414.54,63679.54,63679.54,63679.54,63679.54,2019,23100,,1,,01
1 01.121.99.231.01 2019,4292.0,Retribucion complementaria,2159.0,2159.0,0.0,511.72,1647.28,511.72,511.72,511.72,511.72,2019,23101,,1,,01
1 01.121.99.231.03 2019,4869.0,Retribucion complementaria,40591.0,40591.0,0.0,52460.44,-11869.44,52460.44,52460.44,52460.44,52460.44,2019,23103,,1,,01
1 01.121.99.241.00 2019,4294.0,Retribucion complementaria,51312.0,51312.0,0.0,59795.07,-8483.07,59795.07,59795.07,59795.07,59795.07,2019,24100,,1,,01
1 01.121.99.323.10 2019,4295.0,Retribucion complementaria,81192.0,81192.0,0.0,78090.34,3101.66,78090.34,78090.34,78090.34,78090.34,2019,32310,,1,,01
1 01.121.99.326.01 2019,4297.0,Retribucion complementaria,255224.0,255224.0,0.0,264825.02,-9601.02,264825.02,264825.02,264825.02,264825.02,2019,32601,,1,,01
1 01.121.99.330.00 2019,4298.0,Retribucion complementaria,53081.0,53081.0,0.0,54397.42,-1316.42,54397.42,54397.42,54397.42,54397.42,2019,33000,,1,,01
1 01.121.99.332.10 2019,4299.0,Retribucion complementaria,93279.0,93279.0,0.0,131349.65,-38070.65,131349.65,131349.65,131349.65,131349.65,2019,33210,,1,,01
1 01.121.99.333.00 2019,4300.0,Retribucion complementaria,35405.0,35405.0,0.0,43600.69,-8195.69,43600.69,43600.69,43600.69,43600.69,2019,33300,,1,,01
1 01.121.99.335.00 2019,4301.0,Retribucion complementaria,82514.0,82514.0,0.0,87271.88,-4757.88,87271.88,87271.88,87271.88,87271.88,2019,33500,,1,,01
1 01.121.99.335.10 2019,4302.0,Retribucion complementaria,150775.0,150775.0,0.0,177463.99,-26688.99,177463.99,177463.99,177463.99,177463.99,2019,33510,,1,,01
1 01.121.99.335.30 2019,4303.0,Retribucion complementaria,19127.0,19127.0,0.0,19407.02,-280.02,19407.02,19407.02,19407.02,19407.02,2019,33530,,1,,01
1 01.121.99.335.40 2019,4304.0,Retribucion complementaria,12459.0,12459.0,0.0,13523.35,-1064.35,13523.35,13523.35,13523.35,13523.35,2019,33540,,1,,01
1 01.121.99.342.00 2019,4305.0,Retribucion complementaria,264973.0,264973.0,0.0,296153.03,-31180.03,296153.03,296153.03,296153.03,296153.03,2019,34200,,1,,01
1 01.121.99.342.01 2019,4306.0,Retribucion complementaria,10590.0,10590.0,0.0,7748.43,2841.57,7748.43,7748.43,7748.43,7748.43,2019,34201,,1,,01
1 01.121.99.414.00 2019,4307.0,Retribucion complementaria,19294.0,19294.0,0.0,21184.65,-1890.65,21184.65,21184.65,21184.65,21184.65,2019,41400,,1,,01
1 01.121.99.432.00 2019,4308.0,Retribucion complementaria,19127.0,19127.0,0.0,19409.34,-282.34,19409.34,19409.34,19409.34,19409.34,2019,43200,,1,,01
1 01.121.99.920.00 2019,4310.0,Retribucion complementaria,266331.0,266331.0,0.0,208945.4,57385.6,208945.4,208945.4,208945.4,208945.4,2019,92000,,1,,01
1 01.121.99.920.10 2019,4311.0,Retribucion complementaria,68937.0,68937.0,0.0,72474.29,-3537.29,72474.29,72474.29,72474.29,72474.29,2019,92010,,1,,01
1 01.121.99.920.11 2019,4312.0,Retribucion complementaria,27640.0,27640.0,0.0,28211.99,-571.99,28211.99,28211.99,28211.99,28211.99,2019,92011,,1,,01
1 01.121.99.920.20 2019,4313.0,Retribucion complementaria,46694.0,46694.0,0.0,50623.61,-3929.61,50623.61,50623.61,50623.61,50623.61,2019,92020,,1,,01
1 01.121.99.920.30 2019,4314.0,Retribucion complementaria,21568.0,21568.0,0.0,21952.72,-384.72,21952.72,21952.72,21952.72,21952.72,2019,92030,,1,,01
1 01.121.99.924.00 2019,5881.0,Sueldo complementos. PARTEHARTZEA,19127.0,19127.0,0.0,19207.02,-80.02,19207.02,19207.02,19207.02,19207.02,2019,92400,,1,,01
1 01.121.99.929.10 2019,4315.0,Retribucion complementaria,3833.0,3833.0,0.0,6967.1,-3134.1,6967.1,6967.1,6967.1,6967.1,2019,92910,,1,,01
1 01.121.99.931.00 2019,4316.0,Retribucion complementaria,163689.0,163689.0,0.0,179468.23,-15779.23,179468.23,179468.23,179468.23,179468.23,2019,93100,,1,,01
1 01.121.99.932.00 2019,4317.0,Retribucion complementaria,89823.0,89823.0,0.0,92394.71,-2571.71,92394.71,92394.71,92394.71,92394.71,2019,93200,,1,,01
1 01.121.99.933.00 2019,4318.0,Retribucion complementaria,68937.0,68937.0,0.0,75051.21,-6114.21,75051.21,75051.21,75051.21,75051.21,2019,93300,,1,,01
1 01.131.01.241.00 2019,6079.0,PERSONAL EVENTUAL. TOKI GARAPENA,0.0,35000.0,0.0,34671.25,328.75,34671.25,34671.25,34671.25,34671.25,2019,24100,,1,,01
1 01.131.01.241.01 2019,4321.0,Personal temporal,1018.0,1018.0,0.0,0.0,1018.0,0.0,0.0,0.0,0.0,2019,24101,,1,,01
1 01.131.01.241.02 2019,4322.0,Personal temporal,48798.0,59252.0,0.0,57926.12,1325.88,57926.12,57926.12,57926.12,57926.12,2019,24102,,1,,01
1 01.131.01.324.10 2019,4325.0,Personal temporal,117256.0,117256.0,0.0,109972.92,7283.08,109972.92,109972.92,109972.92,109972.92,2019,32410,,1,,01
1 01.131.01.330.00 2019,6082.0,Personal temporal. SERVICIO CULTURA,0.0,0.0,0.0,1989.76,-1989.76,1989.76,1989.76,1989.76,1989.76,2019,33000,,1,,01
1 01.131.01.333.00 2019,4326.0,Personal temporal,2217.0,2217.0,0.0,0.0,2217.0,0.0,0.0,0.0,0.0,2019,33300,,1,,01
1 01.160.01.132.00 2019,4329.0,Ssocial,341768.0,341768.0,0.0,368133.81,-26365.81,368133.81,368133.81,368133.81,368133.81,2019,13200,,1,,01
1 01.160.01.151.00 2019,4330.0,Ssocial,106890.0,106890.0,0.0,88587.16,18302.84,88587.16,88587.16,88587.16,88587.16,2019,15100,,1,,01
1 01.160.01.153.40 2019,4331.0,Ssocial,176608.0,176608.0,0.0,142617.95,33990.05,142617.95,142617.95,142617.95,142617.95,2019,15340,,1,,01
1 01.160.01.161.00 2019,4333.0,Ssocial,47030.0,47030.0,0.0,58528.15,-11498.15,58528.15,58528.15,58528.15,58528.15,2019,16100,,1,,01
1 01.160.01.164.00 2019,4334.0,Ssocial,9249.0,9249.0,0.0,7610.22,1638.78,7610.22,7610.22,7610.22,7610.22,2019,16400,,1,,01
1 01.160.01.165.00 2019,4335.0,Ssocial,11220.0,11220.0,0.0,12380.08,-1160.08,12380.08,12380.08,12380.08,12380.08,2019,16500,,1,,01
1 01.160.01.172.20 2019,4336.0,Ssocial,11232.0,11232.0,0.0,11716.86,-484.86,11716.86,11716.86,11716.86,11716.86,2019,17220,,1,,01
1 01.160.01.231.00 2019,4339.0,Ssocial,31294.0,31294.0,0.0,31008.07,285.93,31008.07,31008.07,31008.07,31008.07,2019,23100,,1,,01
1 01.160.01.231.01 2019,4338.0,Ssocial,963.0,963.0,0.0,521.58,441.42,521.58,521.58,521.58,521.58,2019,23101,,1,,01
1 01.160.01.231.03 2019,4870.0,Ssocial,20595.0,20595.0,0.0,9668.71,10926.29,9668.71,9668.71,9668.71,9668.71,2019,23103,,1,,01
1 01.160.01.241.00 2019,4340.0,Ssocial,26409.0,38409.0,0.0,43125.04,-4716.04,43125.04,43125.04,43125.04,43125.04,2019,24100,,1,,01
1 01.160.01.241.01 2019,4341.0,Ssocial,102.0,102.0,0.0,0.0,102.0,0.0,0.0,0.0,0.0,2019,24101,,1,,01
1 01.160.01.241.02 2019,4342.0,Ssocial,17703.0,17703.0,0.0,19331.23,-1628.23,19331.23,19331.23,19331.23,19331.23,2019,24102,,1,,01
1 01.160.01.323.10 2019,4344.0,Ssocial,42797.0,42797.0,0.0,38598.85,4198.15,38598.85,38598.85,38598.85,38598.85,2019,32310,,1,,01
1 01.160.01.324.10 2019,4346.0,Ssocial,39551.0,39551.0,0.0,34872.64,4678.36,34872.64,34872.64,34872.64,34872.64,2019,32410,,1,,01
1 01.160.01.326.01 2019,4347.0,Ssocial,142451.0,142451.0,0.0,141635.88,815.12,141635.88,141635.88,141635.88,141635.88,2019,32601,,1,,01
1 01.160.01.330.00 2019,4348.0,Ssocial,26437.0,26437.0,0.0,25357.4,1079.6,25357.4,25357.4,25357.4,25357.4,2019,33000,,1,,01
1 01.160.01.332.10 2019,4349.0,Ssocial,47558.0,47558.0,0.0,34586.99,12971.01,34586.99,34586.99,34586.99,34586.99,2019,33210,,1,,01
1 01.160.01.333.00 2019,4350.0,Ssocial,17145.0,17145.0,0.0,20282.59,-3137.59,20282.59,20282.59,20282.59,20282.59,2019,33300,,1,,01
1 01.160.01.335.00 2019,4351.0,Ssocial,40577.0,40577.0,0.0,42491.82,-1914.82,42491.82,42491.82,42491.82,42491.82,2019,33500,,1,,01
1 01.160.01.335.10 2019,4352.0,Ssocial,86745.0,86745.0,0.0,87605.99,-860.99,87605.99,87605.99,87605.99,87605.99,2019,33510,,1,,01
1 01.160.01.335.30 2019,4353.0,Ssocial,10313.0,10313.0,0.0,10563.49,-250.49,10563.49,10563.49,10563.49,10563.49,2019,33530,,1,,01
1 01.160.01.335.40 2019,4354.0,Ssocial,18237.0,18237.0,0.0,21372.86,-3135.86,21372.86,21372.86,21372.86,21372.86,2019,33540,,1,,01
1 01.160.01.342.00 2019,4355.0,Ssocial,129560.0,129560.0,0.0,94280.05,35279.95,94280.05,94280.05,94280.05,94280.05,2019,34200,,1,,01
1 01.160.01.342.01 2019,4356.0,Ssocial,4743.0,4743.0,0.0,3248.5,1494.5,3248.5,3248.5,3248.5,3248.5,2019,34201,,1,,01
1 01.160.01.414.00 2019,4357.0,Ssocial,9475.0,9475.0,0.0,7728.2,1746.8,7728.2,7728.2,7728.2,7728.2,2019,41400,,1,,01
1 01.160.01.432.00 2019,4358.0,Ssocial,9700.0,9700.0,0.0,10317.9,-617.9,10317.9,10317.9,10317.9,10317.9,2019,43200,,1,,01
1 01.160.01.912.00 2019,4359.0,Ssocial,78410.0,78410.0,0.0,77744.91,665.09,77744.91,77744.91,77744.91,77744.91,2019,91200,,1,,01
1 01.160.01.920.00 2019,4360.0,Ssocial,117318.0,117318.0,0.0,80512.06,36805.94,80512.06,80512.06,80512.06,80512.06,2019,92000,,1,,01
1 01.160.01.920.10 2019,4361.0,Ssocial,107094.0,107094.0,0.0,34446.63,72647.37,34446.63,34446.63,34446.63,34446.63,2019,92010,,1,,01
1 01.160.01.920.11 2019,4362.0,Ssocial,11840.0,11840.0,0.0,12590.45,-750.45,12590.45,12590.45,12590.45,12590.45,2019,92011,,1,,01
1 01.160.01.920.20 2019,4363.0,Ssocial,21562.0,21562.0,0.0,24059.32,-2497.32,24059.32,24059.32,24059.32,24059.32,2019,92020,,1,,01
1 01.160.01.920.30 2019,4364.0,Ssocial,10735.0,10735.0,0.0,11460.07,-725.07,11460.07,11460.07,11460.07,11460.07,2019,92030,,1,,01
1 01.160.01.924.00 2019,5882.0,Seguridad Social. Partehartzea,9571.0,9571.0,0.0,10132.48,-561.48,10132.48,10132.48,10132.48,10132.48,2019,92400,,1,,01
1 01.160.01.929.10 2019,4365.0,Ssocial,2262.0,2262.0,0.0,3558.61,-1296.61,3558.61,3558.61,3558.61,3558.61,2019,92910,,1,,01
1 01.160.01.931.00 2019,4366.0,Ssocial,72555.0,72555.0,0.0,63371.23,9183.77,63371.23,63371.23,63371.23,63371.23,2019,93100,,1,,01
1 01.160.01.932.00 2019,4367.0,Ssocial,40481.0,40481.0,0.0,43307.38,-2826.38,43307.38,43307.38,43307.38,43307.38,2019,93200,,1,,01
1 01.160.01.933.00 2019,4368.0,Ssocial,33436.0,33436.0,0.0,36838.66,-3402.66,36838.66,36838.66,36838.66,36838.66,2019,93300,,1,,01
1 01.160.04.132.00 2019,4369.0,FONDO PENSIONES ELKARKIDETZA: GUARDIA MU,15021.0,15021.0,0.0,16436.22,-1415.22,16436.22,16436.22,16436.22,16436.22,2019,13200,,1,,01
1 01.160.04.151.00 2019,4370.0,FONDO PENSIONES ELKARKIDETZA: URBANISMO,4320.0,4320.0,0.0,2743.36,1576.64,2743.36,2743.36,2743.36,2743.36,2019,15100,,1,,01
1 01.160.04.153.40 2019,4371.0,FONDO PENSIONES ELKARKIDETZA: OBRAS Y SE,13986.0,13986.0,0.0,9826.14,4159.86,9826.14,9826.14,9826.14,9826.14,2019,15340,,1,,01
1 01.160.04.161.00 2019,4373.0,FONDO PENSIONES ELKARKIDETZA: SUMIN AGUA,3892.0,3892.0,0.0,4905.08,-1013.08,4905.08,4905.08,4905.08,4905.08,2019,16100,,1,,01
1 01.160.04.164.00 2019,4374.0,FONDO PENSIONES ELKARKIDETZA: CEMENTERIO,973.0,973.0,0.0,986.02,-13.02,986.02,986.02,986.02,986.02,2019,16400,,1,,01
1 01.160.04.172.20 2019,4376.0,FONDO PENSIONES ELKARKIDETZA: MEDIO AMBI,1738.0,1738.0,0.0,1760.92,-22.92,1760.92,1760.92,1760.92,1760.92,2019,17220,,1,,01
1 01.160.04.231.00 2019,4378.0,FONDO PENSIONES ELKARKIDETZA: IGUALDAD,4002.0,4002.0,0.0,4055.52,-53.52,4055.52,4055.52,4055.52,4055.52,2019,23100,,1,,01
1 01.160.04.231.03 2019,5610.0,Elkarkidetza,1418.0,1418.0,0.0,0.0,1418.0,0.0,0.0,0.0,0.0,2019,23103,,1,,01
1 01.160.04.241.00 2019,4379.0,FONDO PENSIONES ELKARKIDETZA: DESARR LOC,1418.0,1418.0,0.0,1943.5,-525.5,1943.5,1943.5,1943.5,1943.5,2019,24100,,1,,01
1 01.160.04.323.10 2019,4380.0,FONDO PENSIONES ELKARKIDETZA: CENTROS ES,3892.0,3892.0,0.0,3239.78,652.22,3239.78,3239.78,3239.78,3239.78,2019,32310,,1,,01
1 01.160.04.326.01 2019,4382.0,FONDO PENSIONES ELKARKIDETZA: ESCUELA MU,10661.0,10661.0,0.0,9238.04,1422.96,9238.04,9238.04,9238.04,9238.04,2019,32601,,1,,01
1 01.160.04.330.00 2019,6063.0,Elkarkidetza: SERVICIO KULTURA,0.0,0.0,0.0,1129.81,-1129.81,1129.81,1129.81,1129.81,1129.81,2019,33000,,1,,01
1 01.160.04.332.10 2019,4384.0,FONDO PENSIONES ELKARKIDETZA: BIBLIOTECA,6329.0,6329.0,0.0,6414.8,-85.8,6414.8,6414.8,6414.8,6414.8,2019,33210,,1,,01
1 01.160.04.333.00 2019,4385.0,FONDO PENSIONES ELKARKIDETZA: CASA CULTU,973.0,973.0,0.0,986.02,-13.02,986.02,986.02,986.02,986.02,2019,33300,,1,,01
1 01.160.04.335.00 2019,4386.0,FONDO PENSIONES ELKARKIDETZA: S. EUSKARA,4002.0,4002.0,0.0,5493.46,-1491.46,5493.46,5493.46,5493.46,5493.46,2019,33500,,1,,01
1 01.160.04.335.10 2019,4387.0,FONDO PENSIONES ELKARKIDETZA: EUSKALTEGI,10905.0,10905.0,0.0,11245.22,-340.22,11245.22,11245.22,11245.22,11245.22,2019,33510,,1,,01
1 01.160.04.335.30 2019,4388.0,FONDO PENSIONES ELKARKIDETZA: EUSKARA PL,1418.0,1418.0,0.0,1437.94,-19.94,1437.94,1437.94,1437.94,1437.94,2019,33530,,1,,01
1 01.160.04.342.00 2019,4389.0,FONDO PENSIONES ELKARKIDETZA: POLIDEPORT,11639.0,11639.0,0.0,12426.85,-787.85,12426.85,12426.85,12426.85,12426.85,2019,34200,,1,,01
1 01.160.04.414.00 2019,4391.0,FONDO PENSIONES ELKARKIDETZA: MEJORA M.A,973.0,973.0,0.0,986.02,-13.02,986.02,986.02,986.02,986.02,2019,41400,,1,,01
1 01.160.04.432.00 2019,4392.0,FONDO PENSIONES ELKARKIDETZA: TURISMO,1418.0,1418.0,0.0,1437.94,-19.94,1437.94,1437.94,1437.94,1437.94,2019,43200,,1,,01
1 01.160.04.912.00 2019,6064.0,Elkarkidetza: Gobernu Organoak,0.0,0.0,0.0,0.0,0.0,0.0,0.0,0.0,0.0,2019,91200,,1,,01
1 01.160.04.920.00 2019,4394.0,FONDO PENSIONES ELKARKIDETZA: ADMIN.GENE,7366.0,7366.0,0.0,8451.52,-1085.52,8451.52,8451.52,8451.52,8451.52,2019,92000,,1,,01
1 01.160.04.920.10 2019,4395.0,FONDO PENSIONES ELKARKIDETZA: PERSONAL,2328.0,2328.0,0.0,2359.28,-31.28,2359.28,2359.28,2359.28,2359.28,2019,92010,,1,,01
1 01.160.04.920.11 2019,4396.0,FONDO PENSIONES ELKARKIDETZA: SEG- SALUD,1418.0,1418.0,0.0,1437.94,-19.94,1437.94,1437.94,1437.94,1437.94,2019,92011,,1,,01
1 01.160.04.920.20 2019,4397.0,FONDO PENSIONES ELKARKIDETZA:INFORMATICA,1418.0,1418.0,0.0,1437.94,-19.94,1437.94,1437.94,1437.94,1437.94,2019,92020,,1,,01
1 01.160.04.920.30 2019,4398.0,FONDO PENSIONES ELKARKIDETZA: ARCHIVO,1738.0,1738.0,0.0,1760.92,-22.92,1760.92,1760.92,1760.92,1760.92,2019,92030,,1,,01
1 01.160.04.929.10 2019,4399.0,FONDO PENSIONES ELKARKIDETZA: JUZGAD PAZ,243.0,243.0,0.0,375.62,-132.62,375.62,375.62,375.62,375.62,2019,92910,,1,,01
1 01.160.04.931.00 2019,4400.0,FONDO PENSIONES ELKARKIDETZA: ADM ECONOM,2902.0,2902.0,0.0,4120.2,-1218.2,4120.2,4120.2,4120.2,4120.2,2019,93100,,1,,01
1 01.160.04.932.00 2019,4401.0,FONDO PENSIONES ELKARKIDETZA:RECAUDACION,4655.0,4655.0,0.0,4718.56,-63.56,4718.56,4718.56,4718.56,4718.56,2019,93200,,1,,01
1 01.160.04.933.00 2019,4402.0,FONDO PENSIONES ELKARKIDETZA: PATRIM-CON,1164.0,1164.0,0.0,3365.52,-2201.52,3365.52,3365.52,3365.52,3365.52,2019,93300,,1,,01
1 02.160.06.920.10 2019,5160.0,Asistencia medica,5500.0,5500.0,0.0,5820.0,-320.0,5820.0,5820.0,5820.0,5820.0,2019,92010,,1,,02
1 02.161.03.920.10 2019,5161.0,Indemnizaciones prejubilación,172200.0,172200.0,0.0,152792.99,19407.01,152792.99,152792.99,152792.99,152792.99,2019,92010,,1,,02
1 02.162.01.335.30 2019,4413.0,Euskaldunizacion trabajadores,5000.0,5000.0,0.0,7091.41,-2091.41,7091.41,7091.41,7091.41,7091.41,2019,33530,,1,,02
1 02.162.01.920.10 2019,4414.0,Formacion,10000.0,10000.0,0.0,9162.0,838.0,9162.0,8202.0,8202.0,8202.0,2019,92010,,1,,02
1 02.162.01.920.10 2018,5917.0,Formacion,0.0,180.0,0.0,180.0,0.0,180.0,180.0,180.0,180.0,2018,92010,,1,,02
1 02.162.05.920.10 2019,4416.0,Seguro vida,40000.0,40000.0,0.0,35324.28,4675.72,35324.28,35324.28,35324.28,35324.28,2019,92010,,1,,02
1 02.210.01.414.00 2019,4598.0,Ingurunea,30000.0,30000.0,0.0,33528.57,-3528.57,33528.57,33528.57,33528.57,33528.57,2019,41400,,2,,02
1 02.210.01.414.00 2018,6009.0,Ingurunea,0.0,14231.8,0.0,13897.04,334.76,13897.04,13897.04,13897.04,13897.04,2018,41400,,2,,02
1 02.211.01.333.00 2019,4607.0,Mantenimiento Kultur Etxea,9000.0,9000.0,0.0,7875.05,1124.95,7875.05,7875.05,7875.05,7875.05,2019,33300,,2,,02
1 02.211.01.342.00 2019,4417.0,Mantenimiento,74000.0,74000.0,0.0,49753.63,24246.37,49753.63,41087.27,41087.27,41087.27,2019,34200,,2,,02
1 02.211.01.342.00 2018,5918.0,Mantenimiento,0.0,12885.65,0.0,10689.6,2196.05,10689.6,7295.55,7295.55,7295.55,2018,34200,,2,,02
1 02.211.01.342.01 2019,4418.0,Mntenimiento,10000.0,10000.0,0.0,14667.51,-4667.51,14667.51,13212.12,13212.12,13212.12,2019,34201,,2,,02
1 02.211.01.342.02 2019,4419.0,Mantenimiento zubipe,6000.0,12851.0,0.0,11797.28,1053.72,11797.28,11797.28,11797.28,11797.28,2019,34202,,2,,02
1 02.211.01.342.02 2018,5919.0,Mantenimiento zubipe,0.0,11182.19,0.0,10994.93,187.26,10994.93,5994.93,5994.93,5994.93,2018,34202,,2,,02
1 02.211.01.342.03 2019,4420.0,Mantenimiento Landare,6000.0,24380.0,0.0,26845.07,-2465.07,26845.07,26845.07,26845.07,26845.07,2019,34203,,2,,02
1 02.211.01.342.09 2019,4421.0,Otras instalaciones deporte,3000.0,3000.0,0.0,2879.26,120.74,2879.26,2879.26,2879.26,2879.26,2019,34209,,2,,02
1 02.211.02.342.00 2019,5612.0,Mantenimiento ascensor-polideportivo,14000.0,14000.0,0.0,14707.26,-707.26,14707.26,14707.26,14707.26,14707.26,2019,34200,,2,,02
1 02.212.01.342.00 2019,4422.0,Gimnasio,18000.0,18000.0,0.0,20044.92,-2044.92,20044.92,18749.53,18749.53,18749.53,2019,34200,,2,,02
1 02.212.01.414.00 2019,4619.0,Mantenimiento Ingurumena,3000.0,3000.0,0.0,157.67,2842.33,157.67,157.67,157.67,157.67,2019,41400,,2,,02
1 02.213.01.132.00 2019,4423.0,Mantenimiento vehiculo,12000.0,12000.0,0.0,6565.93,5434.07,6565.93,6565.93,6565.93,6565.93,2019,13200,,2,,02
1 02.213.01.414.00 2019,4627.0,Mantenimiento Ingurumena,3500.0,3500.0,0.0,3402.24,97.76,3402.24,3402.24,3402.24,3402.24,2019,41400,,2,,02
1 02.213.01.920.00 2019,4628.0,Mantenimiento vehiculo,1000.0,1000.0,0.0,274.83,725.17,274.83,274.83,274.83,274.83,2019,92000,,2,,02
1 02.214.01.920.00 2019,4629.0,Equipos oficina,48000.0,48000.0,0.0,47928.64,71.36,47928.64,47928.64,47928.64,47928.64,2019,92000,,2,,02
1 02.215.01.920.20 2019,4424.0,Mantenimiento,47000.0,47000.0,0.0,48718.52,-1718.52,48718.52,48718.52,48718.52,48718.52,2019,92020,,2,,02
1 02.220.01.920.00 2019,5883.0,Material oficina,30000.0,30000.0,0.0,20920.79,9079.21,20920.79,20920.79,20920.79,20920.79,2019,92000,,2,,02
1 02.221.04.132.00 2019,4427.0,Combustible vehiculo,9000.0,9000.0,0.0,7668.13,1331.87,7668.13,7668.13,7668.13,7668.13,2019,13200,,2,,02
1 02.221.04.414.00 2019,4641.0,Gas,1250.0,1250.0,0.0,1277.72,-27.72,1277.72,1277.72,1277.72,1277.72,2019,41400,,2,,02
1 02.221.04.920.00 2019,4642.0,Gas,500.0,500.0,0.0,427.92,72.08,427.92,427.92,427.92,427.92,2019,92000,,2,,02
1 02.221.05.132.00 2019,5614.0,Uniformes-,10000.0,10000.0,0.0,11365.56,-1365.56,11365.56,7828.56,7828.56,7828.56,2019,13200,,2,,02
1 02.221.05.132.00 2018,5920.0,Uniformes-,0.0,1323.74,0.0,1323.74,0.0,1323.74,1323.74,1323.74,1323.74,2018,13200,,2,,02
1 02.221.05.920.10 2019,4428.0,Vestuario,5000.0,5000.0,0.0,6227.72,-1227.72,6227.72,6227.72,6227.72,6227.72,2019,92010,,2,,02
1 02.221.05.920.10 2018,5921.0,Vestuario,0.0,777.01,0.0,777.01,0.0,777.01,777.01,777.01,777.01,2018,92010,,2,,02
1 02.221.06.323.30 2019,4429.0,Alimentacion,40000.0,40000.0,0.0,37659.64,2340.36,37659.64,37659.64,37659.64,37659.64,2019,32330,,2,,02
1 02.221.08.342.00 2019,4430.0,Productos farmacia,500.0,500.0,0.0,267.85,232.15,267.85,267.85,267.85,267.85,2019,34200,,2,,02
1 02.221.11.136.00 2019,4644.0,Herramientas,900.0,900.0,0.0,685.66,214.34,685.66,0.0,0.0,0.0,2019,13600,,2,,02
1 02.221.13.342.00 2019,4431.0,Productos piscina,6000.0,6000.0,0.0,5015.54,984.46,5015.54,5015.54,5015.54,5015.54,2019,34200,,2,,02
1 02.221.13.342.01 2019,4432.0,Productos piscina,7000.0,7000.0,0.0,5691.55,1308.45,5691.55,5691.55,5691.55,5691.55,2019,34201,,2,,02
1 02.221.14.342.00 2019,4433.0,Tarjetas cursos,5000.0,5000.0,0.0,782.14,4217.86,782.14,782.14,782.14,782.14,2019,34200,,2,,02
1 02.221.14.342.00 2018,5922.0,Material,0.0,4230.66,0.0,4230.66,0.0,4230.66,4230.66,4230.66,4230.66,2018,34200,,2,,02
1 02.221.98.334.10 2019,4435.0,Material Talleres,1500.0,1500.0,0.0,310.53,1189.47,310.53,310.53,310.53,310.53,2019,33410,,2,,02
1 02.221.99.231.03 2019,4436.0,Gastos material,8000.0,8000.0,0.0,7738.92,261.08,7738.92,7738.92,7738.92,7738.92,2019,23103,,2,,02
1 02.221.99.334.10 2019,4437.0,Material Talleres,2000.0,2000.0,0.0,2854.11,-854.11,2854.11,2854.11,2854.11,2854.11,2019,33410,,2,,02
1 02.222.01.920.00 2019,4438.0,Telefonia,50000.0,50000.0,0.0,34850.71,15149.29,34850.71,34850.71,34850.71,34850.71,2019,92000,,2,,02
1 02.222.02.920.00 2019,4439.0,Servicio postal,60000.0,60000.0,0.0,58998.26,1001.74,58998.26,58998.26,58998.26,58998.26,2019,92000,,2,,02
1 02.222.05.920.20 2019,4440.0,Comunicaciones,151000.0,151000.0,0.0,165258.91,-14258.91,165258.91,165258.91,165258.91,165258.91,2019,92020,,2,,02
1 02.224.01.933.00 2019,4441.0,Seguro edificios,50000.0,50000.0,0.0,43115.23,6884.77,43115.23,43115.23,43115.23,43115.23,2019,93300,,2,,02
1 02.224.02.933.00 2019,4442.0,Seguro vehiculos,10000.0,10000.0,0.0,7239.21,2760.79,7239.21,7239.21,7239.21,7239.21,2019,93300,,2,,02
1 02.224.99.933.00 2019,4443.0,Seguro responsabilidad civil,40000.0,40000.0,0.0,41917.46,-1917.46,41917.46,41917.46,41917.46,41917.46,2019,93300,,2,,02
1 02.226.03.323.00 2019,4445.0,Publicidad,2700.0,2700.0,0.0,2577.93,122.07,2577.93,2577.93,2577.93,2577.93,2019,32300,,2,,02
1 02.226.03.326.01 2019,4446.0,Publicidad,800.0,800.0,0.0,790.25,9.75,790.25,790.25,790.25,790.25,2019,32601,,2,,02
1 02.226.03.334.00 2019,4447.0,Publicidad,20000.0,20000.0,0.0,22367.91,-2367.91,22367.91,22367.91,22367.91,22367.91,2019,33400,,2,,02
1 02.226.03.335.10 2019,4448.0,Publicidad,4500.0,4500.0,0.0,3473.74,1026.26,3473.74,3473.74,3473.74,3473.74,2019,33510,,2,,02
1 02.226.03.342.00 2019,5884.0,Publicidad Polideportivo,2000.0,2000.0,0.0,1736.35,263.65,1736.35,1736.35,1736.35,1736.35,2019,34200,,2,,02
1 02.226.03.920.00 2019,5174.0,Servicio comunicacion,28000.0,28000.0,0.0,10379.99,17620.01,10379.99,10379.99,10379.99,10379.99,2019,92000,,2,,02
1 02.226.03.920.30 2019,4450.0,Publicaciones,6000.0,6000.0,0.0,6000.0,0.0,2998.0,2998.0,2998.0,2998.0,2019,92030,,2,,02
1 02.226.03.920.30 2018,5923.0,Publicaciones,0.0,8000.0,0.0,8000.0,0.0,8000.0,8000.0,8000.0,8000.0,2018,92030,,2,,02
1 02.226.03.932.00 2019,4451.0,Anuncios recaudacion,1500.0,1500.0,0.0,1755.71,-255.71,1755.71,1755.71,1755.71,1755.71,2019,93200,,2,,02
1 02.226.04.920.00 2019,4452.0,Asesoria jurídica,30000.0,30000.0,0.0,30825.68,-825.68,30825.68,30825.68,30825.68,30825.68,2019,92000,,2,,02
1 02.226.06.231.03 2019,4453.0,Proyectos,20000.0,20000.0,0.0,4046.8,15953.2,4046.8,4046.8,4046.8,4046.8,2019,23103,,2,,02
1 02.226.06.323.00 2019,4454.0,Actividades culturales,11000.0,11000.0,0.0,7669.29,3330.71,7669.29,1519.09,1519.09,1519.09,2019,32300,,2,,02
1 02.226.06.323.00 2018,5924.0,Actividades culturales,0.0,7092.71,0.0,7092.71,0.0,7092.71,7092.71,7092.71,7092.71,2018,32300,,2,,02
1 02.226.06.326.01 2019,4455.0,Conciertos,20000.0,20000.0,0.0,20026.9,-26.9,20026.9,20026.9,20026.9,20026.9,2019,32601,,2,,02
1 02.226.06.334.00 2019,4456.0,Actividades culturales,153400.0,153400.0,0.0,161781.08,-8381.08,161781.08,147015.78,147015.78,147015.78,2019,33400,,2,,02
1 02.226.06.334.00 2018,5925.0,Actividades culturales,0.0,17406.5,0.0,17297.75,108.75,17297.75,17297.75,17297.75,17297.75,2018,33400,,2,,02
1 02.226.06.335.00 2019,4457.0,Actividades Euskara,25200.0,25200.0,0.0,17416.27,7783.73,12416.27,10419.77,10419.77,10419.77,2019,33500,,2,,02
1 02.226.06.335.00 2018,5926.0,Actividades Euskara,0.0,10000.0,0.0,6602.35,3397.65,6602.35,6602.35,6602.35,6602.35,2018,33500,,2,,02
1 02.226.06.338.00 2019,4458.0,Organizacion fiestas,200000.0,200000.0,0.0,191027.04,8972.96,191027.04,191027.04,191027.04,191027.04,2019,33800,,2,,02
1 02.226.06.338.00 2018,5927.0,Organizacion fiestas,0.0,5384.5,0.0,5384.5,0.0,5384.5,5384.5,5384.5,5384.5,2018,33800,,2,,02
1 02.226.06.341.00 2019,5885.0,Programa igualdad deporte,8000.0,8000.0,0.0,7177.3,822.7,2577.3,2577.3,2577.3,2577.3,2019,34100,,2,,02
1 02.226.06.342.00 2019,4459.0,Actividades deporte,15500.0,15500.0,0.0,15382.02,117.98,12682.02,12682.02,12682.02,12682.02,2019,34200,,2,,02
1 02.226.06.342.00 2018,5928.0,Actividades deporte,0.0,2011.38,0.0,1946.03,65.35,1946.03,1946.03,1946.03,1946.03,2018,34200,,2,,02
1 02.226.06.414.00 2019,4652.0,Zuhaitz eguna,3500.0,3500.0,0.0,2000.37,1499.63,2000.37,2000.37,2000.37,2000.37,2019,41400,,2,,02
1 02.226.06.920.30 2019,5615.0,Memoria histórica,21000.0,21000.0,0.0,21000.0,0.0,18697.75,18697.75,18697.75,18697.75,2019,92030,,2,,02
1 02.226.95.231.00 2019,4462.0,Programa Hezkidetza,60000.0,60000.0,0.0,60000.0,0.0,60000.0,51123.28,51123.28,51123.28,2019,23100,,2,,02
1 02.226.95.231.00 2018,6065.0,Programa Hezkidetza,0.0,3492.5,0.0,3492.5,0.0,3492.5,3492.5,3492.5,3492.5,2018,23100,,2,,02
1 02.226.95.231.02 2019,4463.0,Plan Acogida,20000.0,20000.0,0.0,17085.2,2914.8,17085.2,0.0,0.0,0.0,2019,23102,,2,,02
1 02.226.95.231.02 2018,5929.0,Plan Acogida,0.0,5500.0,0.0,5498.1,1.9,5498.1,5498.1,5498.1,5498.1,2018,23102,,2,,02
1 02.226.96.172.30 2019,4464.0,EskolaAgenda21,14000.0,14000.0,0.0,13847.31,152.69,13847.31,13847.31,12597.31,12597.31,2019,17230,,2,,02
1 02.226.96.231.00 2019,4465.0,Talleres Igualdad,35000.0,35000.0,0.0,33772.26,1227.74,33772.26,32853.26,32853.26,32853.26,2019,23100,,2,,02
1 02.226.96.231.02 2019,4466.0,Otros gastos,10000.0,10000.0,0.0,9997.16,2.84,9997.16,1227.56,1227.56,1227.56,2019,23102,,2,,02
1 02.226.96.231.02 2018,5930.0,Otros gastos,0.0,9606.39,0.0,9417.63,188.76,9417.63,4698.63,4698.63,4698.63,2018,23102,,2,,02
1 02.226.97.231.00 2019,4468.0,Otros programas Igualdad,70000.0,70000.0,0.0,68098.57,1901.43,68098.57,50109.98,50109.98,50109.98,2019,23100,,2,,02
1 02.226.97.231.00 2018,5931.0,Otros programas Igualdad,0.0,13015.0,0.0,9374.0,3641.0,9374.0,7199.0,7199.0,7199.0,2018,23100,,2,,02
1 02.226.97.231.03 2019,4872.0,Cooperacion Wukro,3000.0,3000.0,0.0,0.0,3000.0,0.0,0.0,0.0,0.0,2019,23103,,2,,02
1 02.226.97.241.00 2019,5848.0,Iturola-coworking,10000.0,20000.0,0.0,5436.68,14563.32,5436.68,5436.68,5436.68,5436.68,2019,24100,,2,,02
1 02.226.97.241.00 2018,5932.0,Iturola-coworking,0.0,862.73,0.0,0.0,862.73,0.0,0.0,0.0,0.0,2018,24100,,2,,02
1 02.226.97.241.01 2019,4469.0,Gastos funcionamiento,1700.0,1700.0,0.0,0.0,1700.0,0.0,0.0,0.0,0.0,2019,24101,,2,,02
1 02.226.97.241.02 2019,4873.0,Gastos funcionamiento,2500.0,18000.0,0.0,3998.49,14001.51,3998.49,3998.49,3998.49,3998.49,2019,24102,,2,,02
1 02.226.97.326.01 2019,4874.0,Publicaciones,1000.0,1000.0,0.0,887.23,112.77,887.23,887.23,887.23,887.23,2019,32601,,2,,02
1 02.226.97.335.10 2019,4875.0,Aniversario,2000.0,2000.0,0.0,2217.16,-217.16,2217.16,2217.16,2217.16,2217.16,2019,33510,,2,,02
1 02.226.97.335.50 2019,4470.0,Revista Gaztetxo,5100.0,5100.0,0.0,4877.17,222.83,4877.17,4877.17,4877.17,4877.17,2019,33550,,2,,02
1 02.226.97.335.50 2018,5933.0,Revista Gaztetxo,0.0,462.9,0.0,0.0,462.9,0.0,0.0,0.0,0.0,2018,33550,,2,,02
1 02.226.97.920.00 2019,4471.0,Anucios oficiales,40000.0,40000.0,0.0,23579.94,16420.06,23579.94,23579.94,23579.94,23579.94,2019,92000,,2,,02
1 02.226.97.924.00 2019,4472.0,Azoka 2.mano,3700.0,3700.0,0.0,3557.4,142.6,3557.4,3162.08,3162.08,3162.08,2019,92400,,2,,02
1 02.226.98.132.00 2019,4473.0,Educacion Vial,5000.0,5000.0,0.0,4995.92,4.08,4995.92,4995.92,4995.92,4995.92,2019,13200,,2,,02
1 02.226.98.162.10 2019,5637.0,INSTALACIONES COMPOSTAJE COMUNITARIO,50000.0,50000.0,0.0,52081.23,-2081.23,52081.23,32769.63,32769.63,32769.63,2019,16210,,2,,02
1 02.226.98.162.10 2018,6015.0,Instalaciones auzo konposta,0.0,9915.95,0.0,9915.95,0.0,9915.95,9915.95,9915.95,9915.95,2018,16210,,2,,02
1 02.226.98.172.30 2019,4474.0,Agenda21,25000.0,25000.0,0.0,12100.56,12899.44,12100.56,12100.56,12100.56,12100.56,2019,17230,,2,,02
1 02.226.98.172.30 2018,5934.0,Agenda21,0.0,0.0,0.0,0.0,0.0,0.0,0.0,0.0,0.0,2018,17230,,2,,02
1 02.226.98.231.01 2019,4475.0,Campañas sensibilizacion,4000.0,4000.0,0.0,4000.0,0.0,618.29,618.29,618.29,618.29,2019,23101,,2,,02
1 02.226.98.231.90 2019,5816.0,KAROBIETA 24-GASTUAK,1000.0,25000.0,0.0,25513.5,-513.5,25513.5,25513.5,25513.5,25513.5,2019,23190,,2,,02
1 02.226.98.241.00 2019,4477.0,Servicio Orientacion Empleo,60000.0,60000.0,0.0,18150.0,41850.0,18150.0,18150.0,18150.0,18150.0,2019,24100,,2,,02
1 02.226.98.324.10 2019,4478.0,Gastos funcionamiento,14000.0,14000.0,0.0,11841.39,2158.61,11841.39,11841.39,11841.39,11841.39,2019,32410,,2,,02
1 02.226.98.326.01 2019,4876.0,Instrumentos,6800.0,6800.0,0.0,7728.23,-928.23,7728.23,7728.23,7728.23,7728.23,2019,32601,,2,,02
1 02.226.98.332.10 2019,5886.0,Servicios a implementar,8000.0,8000.0,0.0,12721.7,-4721.7,12721.7,12721.7,12721.7,12721.7,2019,33210,,2,,02
1 02.226.98.335.00 2019,4877.0,Actos Euskara,5000.0,5000.0,0.0,4500.0,500.0,4500.0,4500.0,4500.0,4500.0,2019,33500,,2,,02
1 02.226.98.335.10 2019,4479.0,Otras Actividades Euskaltegia,2500.0,2500.0,0.0,2182.0,318.0,2182.0,2182.0,2182.0,2182.0,2019,33510,,2,,02
1 02.226.98.335.50 2019,4480.0,Programa Ikasleen txokoa,5300.0,5300.0,0.0,5324.0,-24.0,5324.0,5324.0,5324.0,5324.0,2019,33550,,2,,02
1 02.226.98.920.00 2019,5617.0,Vajilla eventos,4000.0,4000.0,0.0,3726.8,273.2,3726.8,3726.8,3726.8,3726.8,2019,92000,,2,,02
1 02.226.98.920.30 2019,5618.0,Eusko Ikaskuntza,300.0,300.0,0.0,300.0,0.0,300.0,300.0,300.0,300.0,2019,92030,,2,,02
1 02.226.98.933.00 2019,4482.0,Daños particulares,10000.0,10000.0,0.0,1500.0,8500.0,1500.0,1500.0,1500.0,1500.0,2019,93300,,2,,02
1 02.226.99.132.00 2019,4483.0,Otros gastos,9000.0,9000.0,0.0,6972.23,2027.77,6972.23,6378.72,6378.72,6378.72,2019,13200,,2,,02
1 02.226.99.132.00 2018,5935.0,Otros gastos,0.0,1318.9,0.0,0.0,1318.9,0.0,0.0,0.0,0.0,2018,13200,,2,,02
1 02.226.99.135.00 2019,5887.0,Otros gastos proteccion civil,4000.0,4000.0,0.0,4261.03,-261.03,4261.03,4261.03,4261.03,4261.03,2019,13500,,2,,02
1 02.226.99.151.10 2019,5177.0,Gastos Gestion,20000.0,20000.0,0.0,4864.2,15135.8,4864.2,2226.4,2226.4,2226.4,2019,15110,,2,,02
1 02.226.99.162.10 2019,4656.0,Material. Residuos,80000.0,80000.0,0.0,74471.06,5528.94,29471.06,29471.06,29471.06,29471.06,2019,16210,,2,,02
1 02.226.99.172.20 2019,4484.0,Otros gastos,25500.0,25500.0,0.0,26137.73,-637.73,26137.73,21049.68,21049.68,21049.68,2019,17220,,2,,02
1 02.226.99.172.20 2018,5936.0,Otros gastos,0.0,5766.7,0.0,4138.2,1628.5,4138.2,4138.2,4138.2,4138.2,2018,17220,,2,,02
1 02.226.99.231.01 2019,4485.0,Otros gastos,9257.0,9257.0,0.0,7815.47,1441.53,7815.47,7815.47,7815.47,7815.47,2019,23101,,2,,02
1 02.226.99.231.03 2019,4486.0,Otros gastos,1000.0,1000.0,0.0,338.79,661.21,338.79,338.79,338.79,338.79,2019,23103,,2,,02
1 02.226.99.241.00 2019,4878.0,Actuaciones Desarrollo Local,25000.0,25000.0,0.0,18647.96,6352.04,18647.96,17057.96,17057.96,17057.96,2019,24100,,2,,02
1 02.226.99.241.03 2019,4487.0,Gastos funcionamiento,1000.0,1000.0,0.0,0.0,1000.0,0.0,0.0,0.0,0.0,2019,24103,,2,,02
1 02.226.99.323.20 2019,4488.0,Otros gastos,5000.0,5000.0,0.0,3467.46,1532.54,3467.46,3467.46,3467.46,3467.46,2019,32320,,2,,02
1 02.226.99.323.30 2019,4489.0,Otos gastos,1500.0,1500.0,0.0,334.42,1165.58,334.42,334.42,334.42,334.42,2019,32330,,2,,02
1 02.226.99.326.01 2019,4490.0,Otros gastos,3000.0,3000.0,0.0,2754.64,245.36,2754.64,2754.64,2754.64,2754.64,2019,32601,,2,,02
1 02.226.99.332.10 2019,4491.0,Otros gastos,45000.0,45000.0,0.0,42247.34,2752.66,42247.34,42247.34,42247.34,42247.34,2019,33210,,2,,02
1 02.226.99.332.10 2018,5937.0,Otros gastos,0.0,1511.0,0.0,1511.0,0.0,1511.0,1511.0,1511.0,1511.0,2018,33210,,2,,02
1 02.226.99.333.00 2019,4658.0,Otros gastos,1000.0,1000.0,0.0,7557.54,-6557.54,7557.54,7557.54,7557.54,7557.54,2019,33300,,2,,02
1 02.226.99.334.00 2019,4492.0,Otros gastos,2000.0,2000.0,0.0,200.0,1800.0,200.0,200.0,200.0,200.0,2019,33400,,2,,02
1 02.226.99.335.00 2019,4493.0,Otros gastos,600.0,600.0,0.0,203.55,396.45,203.55,203.55,203.55,203.55,2019,33500,,2,,02
1 02.226.99.335.10 2019,4494.0,Actividades Euskaltegia,1500.0,1500.0,0.0,938.1,561.9,938.1,938.1,938.1,938.1,2019,33510,,2,,02
1 02.226.99.335.20 2019,4495.0,Programa Buruntzaldea,30000.0,30000.0,0.0,21409.45,8590.55,18909.45,10499.33,10499.33,10499.33,2019,33520,,2,,02
1 02.226.99.335.20 2018,5938.0,Programa Buruntzaldea,0.0,136.73,0.0,0.0,136.73,0.0,0.0,0.0,0.0,2018,33520,,2,,02
1 02.226.99.335.30 2019,4496.0,Otros gastos,900.0,900.0,0.0,0.0,900.0,0.0,0.0,0.0,0.0,2019,33530,,2,,02
1 02.226.99.335.40 2019,4497.0,Otros gastos,6000.0,6000.0,0.0,3363.22,2636.78,3363.22,3363.22,3363.22,3363.22,2019,33540,,2,,02
1 02.226.99.335.50 2019,4498.0,Otros gastos,12000.0,12000.0,0.0,8601.49,3398.51,8601.49,8601.49,8601.49,8601.49,2019,33550,,2,,02
1 02.226.99.335.50 2018,5939.0,Otros gastos,0.0,8326.98,0.0,8326.98,0.0,8326.98,8326.98,8326.98,8326.98,2018,33550,,2,,02
1 02.226.99.338.00 2019,4499.0,Otros gastos,7000.0,7000.0,0.0,11207.31,-4207.31,11207.31,11207.31,11207.31,11207.31,2019,33800,,2,,02
1 02.226.99.342.00 2019,4500.0,Otros gastos,5000.0,5000.0,0.0,7392.4,-2392.4,7392.4,7392.4,7392.4,7392.4,2019,34200,,2,,02
1 02.226.99.342.01 2019,4501.0,Otros gastos,1000.0,1000.0,0.0,0.0,1000.0,0.0,0.0,0.0,0.0,2019,34201,,2,,02
1 02.226.99.432.00 2019,4502.0,Otros gastos,36000.0,36000.0,0.0,49785.83,-13785.83,49785.83,41013.33,41013.33,41013.33,2019,43200,,2,,02
1 02.226.99.920.00 2019,4504.0,Otros gastos,25000.0,25000.0,0.0,27798.32,-2798.32,27798.32,27798.32,27798.32,27798.32,2019,92000,,2,,02
1 02.226.99.920.11 2019,4505.0,Seguridad-salud laboral,10000.0,10000.0,0.0,8692.51,1307.49,8692.51,8692.51,8692.51,8692.51,2019,92011,,2,,02
1 02.226.99.920.30 2019,4506.0,Otros gastos,12000.0,12000.0,0.0,12000.0,0.0,3791.82,3791.82,3791.82,3791.82,2019,92030,,2,,02
1 02.226.99.924.00 2019,4507.0,Programas participación,90000.0,90000.0,0.0,39274.6,50725.4,39274.6,39274.6,39274.6,39274.6,2019,92400,,2,,02
1 02.226.99.933.00 2019,4510.0,Gastos Alokabide,5500.0,5500.0,0.0,9136.06,-3636.06,9136.06,9136.06,9136.06,9136.06,2019,93300,,2,,02
1 02.227.01.334.00 2019,5619.0,Apoyo produccion cultural,25000.0,25000.0,0.0,23707.46,1292.54,23707.46,23707.46,23707.46,23707.46,2019,33400,,2,,02
1 02.227.04.231.03 2019,4476.0,Programa GazteTxokoa,90000.0,90000.0,0.0,90000.0,0.0,90000.0,90000.0,90000.0,90000.0,2019,23103,,2,,02
1 02.227.04.323.20 2019,4511.0,Programa.Ingurugiro-hezkuntza,15000.0,15000.0,0.0,13000.0,2000.0,13000.0,13000.0,13000.0,13000.0,2019,32320,,2,,02
1 02.227.04.326.02 2019,4512.0,Servicio Kantuz,65000.0,65000.0,0.0,64999.98,0.02,64999.98,64999.98,64999.98,64999.98,2019,32602,,2,,02
1 02.227.04.334.00 2019,5888.0,comunicacion,25000.0,25000.0,0.0,25000.0,0.0,16920.48,4839.84,4839.84,4839.84,2019,33400,,2,,02
1 02.227.04.334.10 2019,4513.0,Servicio Tallleres,88000.0,88000.0,0.0,78061.25,9938.75,78061.25,78061.25,78061.25,78061.25,2019,33410,,2,,02
1 02.227.04.342.00 2019,4515.0,Servicio monitor,268000.0,268000.0,0.0,282708.39,-14708.39,282708.39,282708.39,282708.39,282708.39,2019,34200,,2,,02
1 02.227.04.432.00 2019,5835.0,Plan acciones turismo,15000.0,15000.0,0.0,17182.0,-2182.0,17182.0,8591.0,8591.0,8591.0,2019,43200,,2,,02
1 02.227.07.172.20 2019,4516.0,Estudios-proyectos,115000.0,115000.0,0.0,114870.74,129.26,75870.74,42577.43,42577.43,42577.43,2019,17220,,2,,02
1 02.227.07.172.20 2018,5940.0,Estudios-proyectos,0.0,70733.93,0.0,50413.58,20320.35,50413.58,43397.25,43397.25,43397.25,2018,17220,,2,,02
1 02.227.07.172.40 2019,5889.0,Plan Energia estudios,75000.0,75000.0,0.0,75084.93,-84.93,53044.61,25385.64,25385.64,25385.64,2019,17240,,2,,02
1 02.227.07.231.00 2019,5620.0,Programa. Violencia genero,15000.0,15000.0,0.0,15023.87,-23.87,15023.87,15023.87,15023.87,15023.87,2019,23100,,2,,02
1 02.227.07.231.00 2018,5941.0,Protocolo. Violencia genero,0.0,0.0,0.0,0.0,0.0,0.0,0.0,0.0,0.0,2018,23100,,2,,02
1 02.227.07.231.09 2019,5890.0,Gastos  gestion,5000.0,5000.0,0.0,0.0,5000.0,0.0,0.0,0.0,0.0,2019,23109,,2,,02
1 02.227.07.241.00 2019,6081.0,Beterri-Atencion Personas,0.0,14582.0,0.0,14582.0,0.0,11295.66,11295.66,11295.66,11295.66,2019,24100,,2,,02
1 02.227.07.323.00 2019,4517.0,Programa Hezkuntza,62000.0,62000.0,0.0,31190.78,30809.22,31190.78,31190.78,31190.78,31190.78,2019,32300,,2,,02
1 02.227.07.323.00 2018,5942.0,Programa Hezkuntza,0.0,1349.52,0.0,1349.52,0.0,1349.52,1349.52,1349.52,1349.52,2018,32300,,2,,02
1 02.227.07.414.00 2019,5903.0,Trabajos forestales,50000.0,50000.0,0.0,48236.45,1763.55,28236.45,28236.45,28236.45,28236.45,2019,41400,,2,,02
1 02.227.07.920.00 2019,5822.0,Contrat.Proteccion datos,25000.0,25000.0,0.0,0.0,25000.0,0.0,0.0,0.0,0.0,2019,92000,,2,,02
1 02.227.07.931.00 2019,4520.0,Auditoria,29000.0,29000.0,0.0,15100.8,13899.2,15100.8,15100.8,15100.8,15100.8,2019,93100,,2,,02
1 02.227.09.932.00 2019,4521.0,Servicio recaudacion,6000.0,6000.0,0.0,3848.67,2151.33,3848.67,3848.67,3848.67,3848.67,2019,93200,,2,,02
1 02.227.95.162.20 2019,5640.0,Tratamiento residuos,533095.0,533095.0,0.0,544733.69,-11638.69,544733.69,538483.69,538483.69,538483.69,2019,16220,,2,,02
1 02.227.95.241.00 2018,5944.0,Contrat.-Plan comercio,0.0,7847.5,0.0,7847.5,0.0,7847.5,7847.5,7847.5,7847.5,2018,24100,,2,,02
1 02.227.95.920.00 2018,5945.0,Valoracion puestos,0.0,10738.75,0.0,10738.75,0.0,10738.75,10738.75,10738.75,10738.75,2018,92000,,2,,02
1 02.227.96.162.10 2019,4889.0,OFICINA GESTION RESIDUOS URBANOS,57000.0,57000.0,0.0,60117.81,-3117.81,60117.81,60117.81,60117.81,60117.81,2019,16210,,2,,02
1 02.227.96.162.20 2019,5641.0,RESIDUOS DE OBRA,10000.0,10000.0,0.0,3159.84,6840.16,3159.84,3159.84,3159.84,3159.84,2019,16220,,2,,02
1 02.227.97.151.00 2019,6070.0,ASESOR JURIDICO,0.0,12100.0,0.0,12100.0,0.0,12100.0,12100.0,12100.0,12100.0,2019,15100,,2,,02
1 02.227.97.162.10 2019,6068.0,GASTOS SUBROGACION,0.0,34200.0,0.0,32385.99,1814.01,32385.99,32385.99,32385.99,32385.99,2019,16210,,2,,02
1 02.227.98.132.00 2019,4522.0,Perros abandonados,4000.0,4000.0,0.0,5009.31,-1009.31,5009.31,5009.31,5009.31,5009.31,2019,13200,,2,,02
1 02.227.98.162.10 2019,4665.0,Recogida residuos,1840000.0,1840000.0,0.0,1752516.02,87483.98,1752516.02,1752516.02,1752516.02,1752516.02,2019,16210,,2,,02
1 02.227.98.231.00 2019,5915.0,Fondo estatal-violencia genero,0.0,4290.0,0.0,5205.01,-915.01,5205.01,5205.01,5205.01,5205.01,2019,23100,,2,,02
1 02.227.98.342.00 2019,4524.0,Servicio socorrista,113000.0,113000.0,0.0,115313.55,-2313.55,115313.55,115313.55,115313.55,115313.55,2019,34200,,2,,02
1 02.227.98.342.01 2019,4525.0,Mantenimiento,11000.0,11000.0,0.0,10105.92,894.08,10105.92,10105.92,10105.92,10105.92,2019,34201,,2,,02
1 02.227.98.920.00 2017,5946.0,BIDEOAKTA SISTEMA,0.0,13061.17,0.0,0.0,13061.17,0.0,0.0,0.0,0.0,2017,92000,,2,,02
1 02.227.98.933.00 2019,5622.0,Banco Alimentos,13100.0,13100.0,0.0,13068.0,32.0,13068.0,13068.0,13068.0,13068.0,2019,93300,,2,,02
1 02.227.99.231.00 2019,5891.0,Genero,45000.0,45000.0,0.0,37631.04,7368.96,37631.04,37631.04,37631.04,37631.04,2019,23100,,2,,02
1 02.227.99.323.30 2019,4527.0,Servicio comedor,62740.0,62740.0,0.0,60742.2,1997.8,60742.2,60742.2,60742.2,60742.2,2019,32330,,2,,02
1 02.227.99.323.30 2018,5947.0,Servicio comedor,0.0,5061.85,0.0,5061.85,0.0,5061.85,5061.85,5061.85,5061.85,2018,32330,,2,,02
1 02.227.99.334.10 2019,4528.0,Servicio Talleres,39000.0,39000.0,0.0,38731.2,268.8,38731.2,38731.2,38731.2,38731.2,2019,33410,,2,,02
1 02.227.99.335.40 2019,4529.0,Servicio Udalekuak,23000.0,23000.0,0.0,24900.0,-1900.0,24900.0,24900.0,24900.0,24900.0,2019,33540,,2,,02
1 02.227.99.341.00 2019,5892.0,Progr. Osasun Mapeoa,10000.0,10000.0,0.0,9997.3,2.7,4997.3,4997.3,4997.3,4997.3,2019,34100,,2,,02
1 02.227.99.341.00 2017,5948.0,PAREKIDETASUNA KIROLEAN,0.0,2800.0,0.0,2800.0,0.0,2800.0,0.0,0.0,0.0,2017,34100,,2,,02
1 02.227.99.342.00 2019,4530.0,Otros contratos,12000.0,12000.0,0.0,12282.99,-282.99,12282.99,12282.99,12282.99,12282.99,2019,34200,,2,,02
1 02.227.99.342.01 2019,4531.0,Servicio socorrista,123000.0,123000.0,0.0,120101.53,2898.47,120101.53,120101.53,120101.53,120101.53,2019,34201,,2,,02
1 02.227.99.432.00 2019,5893.0,servicio audiogida,30000.0,30000.0,0.0,0.0,30000.0,0.0,0.0,0.0,0.0,2019,43200,,2,,02
1 02.227.99.920.00 2019,4533.0,Otros contratos,45000.0,45000.0,0.0,24781.07,20218.93,24781.07,20546.07,20546.07,20541.56,2019,92000,,2,,02
1 02.227.99.920.11 2019,4534.0,Servicio Seguridad-salud laboral,19000.0,19000.0,0.0,20183.03,-1183.03,20183.03,20183.03,20183.03,20183.03,2019,92011,,2,,02
1 02.227.99.920.20 2019,4880.0,Trabajos exteriores,25000.0,25000.0,0.0,24666.29,333.71,24666.29,5733.84,5733.84,5733.84,2019,92020,,2,,02
1 02.227.99.920.30 2019,5186.0,Patrimonio,5000.0,5000.0,0.0,4999.72,0.28,4999.72,4999.72,4999.72,4999.72,2019,92030,,2,,02
1 02.230.01.920.10 2019,4536.0,Dietas personal,7000.0,7000.0,0.0,5586.36,1413.64,5586.36,5586.36,5586.36,5586.36,2019,92010,,2,,02
1 02.332.01.011.00 2019,4537.0,Intereses prestamo,9000.0,9000.0,0.0,4308.68,4691.32,4308.68,4308.68,4308.68,4308.68,2019,01100,,3,,02
1 02.369.01.011.00 2019,4539.0,Gastos financieros,2000.0,2000.0,0.0,1019.17,980.83,1019.17,1019.17,1019.17,1019.17,2019,01100,,3,,02
1 02.421.01.162.20 2019,5642.0,Aportacion SanMarcos,262000.0,262000.0,0.0,253551.77,8448.23,253551.77,253551.77,253551.77,253551.77,2019,16220,,4,,02
1 02.421.01.922.00 2019,4543.0,Udalbiltza.Cuota,50000.0,50000.0,0.0,50000.0,0.0,50000.0,50000.0,50000.0,50000.0,2019,92200,,4,,02
1 02.422.01.241.00 2019,4545.0,Convenio comarcal Beterri,135789.0,135789.0,0.0,135789.0,0.0,135789.0,135789.0,135789.0,135789.0,2019,24100,,4,,02
1 02.422.01.326.03 2019,4541.0,Subvenciones.EPA,3577.0,3577.0,0.0,3577.0,0.0,3577.0,3577.0,3577.0,3577.0,2019,32603,,4,,02
1 02.422.01.432.00 2019,4544.0,Convenio asociacion Behemendi,16300.0,16300.0,0.0,16009.52,290.48,16009.52,16009.52,16009.52,16009.52,2019,43200,,4,,02
1 02.422.01.922.00 2019,4542.0,Eudel. Cuota,5000.0,5000.0,0.0,4507.59,492.41,4507.59,4507.59,4507.59,4507.59,2019,92200,,4,,02
1 02.422.02.414.00 2019,4673.0,Aportacion. Asociacion Behemendi,20000.0,25000.0,0.0,25000.0,0.0,25000.0,25000.0,25000.0,25000.0,2019,41400,,4,,02
1 02.422.02.414.00 2018,6017.0,Aportacion. Asociacion Behemendi,0.0,3331.0,0.0,0.0,3331.0,0.0,0.0,0.0,0.0,2018,41400,,4,,02
1 02.422.02.922.00 2019,6069.0,Hobeki.Cuota,0.0,6000.0,0.0,6000.0,0.0,6000.0,6000.0,6000.0,6000.0,2019,92200,,4,,02
1 02.431.01.231.90 2019,5623.0,Aportacion ordinaria,2316941.0,2316941.0,0.0,2055837.17,261103.83,2055837.17,2055837.17,2055837.17,2055837.17,2019,23190,,4,,02
1 02.431.01.943.20 2019,4547.0,Aportacion. Udala-Ereñotzu,409731.0,409731.0,0.0,409731.0,0.0,409731.0,409731.0,409731.0,409731.0,2019,94320,,4,,02
1 02.471.01.241.02 2019,6078.0,Subv.Empresas.Lanbide,0.0,63000.0,0.0,63000.0,0.0,0.0,0.0,0.0,0.0,2019,24102,,4,,02
1 02.471.01.334.00 2019,4548.0,Concesion servicio Cine,30000.0,30000.0,0.0,24700.0,5300.0,24700.0,24700.0,24700.0,24700.0,2019,33400,,4,,02
1 02.471.01.334.00 2018,5950.0,Concesion servicio,0.0,12350.0,0.0,12350.0,0.0,12350.0,12350.0,12350.0,12350.0,2018,33400,,4,,02
1 02.480.01.151.10 2019,5843.0,SUBV.REHABILITACION VIVIENDAS,100000.0,100000.0,0.0,100000.0,0.0,0.0,0.0,0.0,0.0,2019,15110,,4,,02
1 02.480.01.151.10 2018,5951.0,SUBV.REHABILITACION VIVIENDAS,0.0,60000.0,0.0,60000.0,0.0,860.22,860.22,860.22,860.22,2018,15110,,4,,02
1 02.480.01.231.03 2019,4563.0,Subv.Alquiler vivienda,136000.0,136000.0,0.0,136000.0,0.0,0.0,0.0,0.0,0.0,2019,23103,,4,,02
1 02.480.01.231.03 2018,5952.0,Subv.Alquiler vivienda,0.0,82000.0,0.0,76050.0,5950.0,76050.0,76050.0,76050.0,76050.0,2018,23103,,4,,02
1 02.480.01.231.04 2019,4884.0,Subv.Alguiler vivienda,83000.0,83000.0,0.0,83000.0,0.0,0.0,0.0,0.0,0.0,2019,23104,,4,,02
1 02.480.01.231.04 2018,5953.0,Subv.Alguiler vivienda,0.0,82000.0,0.0,69318.4,12681.6,69318.4,69318.4,69318.4,69318.4,2018,23104,,4,,02
1 02.480.01.334.00 2019,5624.0,Subv.Creacion Artistica,10000.0,10000.0,0.0,10000.0,0.0,0.0,0.0,0.0,0.0,2019,33400,,4,,02
1 02.480.01.334.00 2018,5954.0,Subv.Creacion Artistica,0.0,10000.0,0.0,10000.0,0.0,8550.0,4275.0,4275.0,4275.0,2018,33400,,4,,02
1 02.480.01.335.10 2019,4550.0,Becas Euskaltegia,33000.0,33000.0,0.0,28424.85,4575.15,28424.85,28424.85,28424.85,28424.85,2019,33510,,4,,02
1 02.480.01.920.30 2019,4561.0,Beca investigacion,8000.0,8000.0,0.0,8000.0,0.0,0.0,0.0,0.0,0.0,2019,92030,,4,,02
1 02.480.01.920.30 2018,5955.0,Beca investigacion,0.0,8000.0,0.0,8000.0,0.0,8000.0,8000.0,8000.0,8000.0,2018,92030,,4,,02
1 02.481.01.135.00 2019,4883.0,Convenio Asociación Dya,3500.0,3500.0,0.0,3500.0,0.0,3500.0,3500.0,3500.0,3500.0,2019,13500,,4,,02
1 02.481.01.231.01 2019,4551.0,Cuota.Euskal Fondoa,3559.0,3559.0,0.0,3933.08,-374.08,3933.08,3933.08,3933.08,3933.08,2019,23101,,4,,02
1 02.481.01.241.00 2019,4552.0,Conveio asociación Berriak,16500.0,27000.0,0.0,27000.0,0.0,27000.0,16200.0,16200.0,16200.0,2019,24100,,4,,02
1 02.481.01.241.00 2018,5956.0,Conveio asociación Berriak,0.0,9600.0,0.0,9600.0,0.0,9600.0,9600.0,9600.0,9600.0,2018,24100,,4,,02
1 02.481.01.323.00 2019,4553.0,Subv.Actividades escolares,18400.0,18400.0,0.0,18400.0,0.0,18400.0,14717.0,14717.0,14568.0,2019,32300,,4,,02
1 02.481.01.323.00 2018,5957.0,Subv.Actividades escolares,0.0,3681.0,0.0,3681.0,0.0,3681.0,3681.0,3681.0,3681.0,2018,32300,,4,,02
1 02.481.01.334.00 2019,4555.0,Subv. Concurrencia,80000.0,80000.0,0.0,79946.19,53.81,79946.19,66051.58,66051.58,66051.58,2019,33400,,4,,02
1 02.481.01.334.00 2018,5958.0,Subv. Concurrencia,0.0,11752.35,0.0,11465.22,287.13,11465.22,11465.22,11465.22,11465.22,2018,33400,,4,,02
1 02.481.01.334.20 2019,4556.0,Convenio Musika Banda,83459.0,83459.0,0.0,83459.0,0.0,83459.0,83459.0,83459.0,83459.0,2019,33420,,4,,02
1 02.481.01.334.30 2019,4557.0,Convenio Txistulari Taldea,38813.0,38813.0,0.0,38813.0,0.0,38813.0,38813.0,38813.0,38813.0,2019,33430,,4,,02
1 02.481.01.335.00 2019,4558.0,Subvencion concurrencia,54000.0,54000.0,0.0,54000.0,0.0,51925.8,51925.8,51925.8,51925.8,2019,33500,,4,,02
1 02.481.01.341.00 2019,4559.0,Subv.concurrencia,55000.0,55000.0,0.0,55000.0,0.0,0.0,0.0,0.0,0.0,2019,34100,,4,,02
1 02.481.01.341.00 2018,5959.0,Subv.concurrencia,0.0,55000.0,0.0,54056.12,943.88,54056.12,54056.12,54056.12,54056.12,2018,34100,,4,,02
1 02.481.02.231.01 2019,4562.0,Subv.ONG. Proyectos cooperación,172052.0,172052.0,0.0,172052.0,0.0,0.0,0.0,0.0,0.0,2019,23101,,4,,02
1 02.481.02.231.01 2018,5963.0,Subv.Tercer Mundo,0.0,164577.0,0.0,164577.0,0.0,0.0,0.0,0.0,0.0,2018,23101,,4,,02
1 02.481.02.231.01 2017,5962.0,TRANSFERENTZIA: HIRUGARREN MUNDUA,0.0,153581.0,0.0,153581.0,0.0,0.0,0.0,0.0,0.0,2017,23101,,4,,02
1 02.481.02.231.01 2016,5961.0,TRANSFERENTZIA: HIRUGARREN MUNDUA,0.0,2725.95,0.0,1776.0,949.95,1776.0,1776.0,1776.0,1776.0,2016,23101,,4,,02
1 02.481.02.334.10 2019,4564.0,Subv.Concurrencia,106000.0,106000.0,0.0,105992.07,7.93,105992.07,97498.81,97498.81,97498.81,2019,33410,,4,,02
1 02.481.02.334.10 2018,5964.0,Subv.Concurrencia,0.0,7765.05,0.0,7408.26,356.79,7408.26,7408.26,7408.26,7408.26,2018,33410,,4,,02
1 02.481.02.335.00 2019,4565.0,Subvencion Directas,146200.0,146200.0,0.0,123716.93,22483.07,122866.93,115918.18,115918.18,115918.18,2019,33500,,4,,02
1 02.481.02.335.00 2018,5965.0,Subvencion Directas,0.0,15562.48,0.0,4796.67,10765.81,4796.67,4796.67,4796.67,4796.67,2018,33500,,4,,02
1 02.481.02.341.00 2019,5188.0,Subv. Eskola Kirola,55500.0,55500.0,0.0,55469.09,30.91,23969.09,23969.09,23969.09,23969.09,2019,34100,,4,,02
1 02.481.03.231.01 2019,4885.0,Proyectos Euskal Fondoa,51392.0,51392.0,0.0,51392.0,0.0,51392.0,51392.0,51392.0,51392.0,2019,23101,,4,,02
1 02.481.03.231.02 2019,4568.0,Convenio Asociacion Amher,65000.0,65000.0,0.0,65000.0,0.0,65000.0,65000.0,65000.0,65000.0,2019,23102,,4,,02
1 02.481.03.231.09 2019,5894.0,Convenio asociacion Fiare,20000.0,20000.0,0.0,0.0,20000.0,0.0,0.0,0.0,0.0,2019,23109,,4,,02
1 02.481.03.341.00 2019,4569.0,Subv. Club-deporte,76739.0,76739.0,0.0,76739.0,0.0,76739.0,76739.0,76739.0,76739.0,2019,34100,,4,,02
1 02.481.03.341.00 2018,5966.0,Subv.Directa. Club-deporte,0.0,1328.0,0.0,1328.0,0.0,1328.0,1328.0,1328.0,1328.0,2018,34100,,4,,02
1 02.481.04.341.00 2019,4571.0,Subv.concurrencia deporte,9088.0,9088.0,0.0,9088.0,0.0,4544.0,4544.0,4544.0,4544.0,2019,34100,,4,,02
1 02.481.05.924.00 2019,4572.0,Subvencion. Auzolan,25000.0,25000.0,0.0,11770.21,13229.79,11770.21,11610.21,11610.21,11610.21,2019,92400,,4,,02
1 02.481.05.924.00 2018,5967.0,Subvencion. Auzolan,0.0,670.0,0.0,670.0,0.0,670.0,182.71,182.71,182.71,2018,92400,,4,,02
1 02.500.01.929.00 2019,4509.0,Credito Global-Corriente,270433.0,143633.0,0.0,0.0,143633.0,0.0,0.0,0.0,0.0,2019,92900,,5,,02
1 02.500.02.929.00 2019,5895.0,Credito Global-Incremento retributivo,211229.0,211229.0,0.0,0.0,211229.0,0.0,0.0,0.0,0.0,2019,92900,,5,,02
1 02.500.03.929.00 2019,5896.0,Credito Global-Valoracion puestos,500000.0,500000.0,0.0,0.0,500000.0,0.0,0.0,0.0,0.0,2019,92900,,5,,02
1 02.500.04.929.00 2019,5844.0,Credito Global-Inversiones,608164.0,521839.0,0.0,0.0,521839.0,0.0,0.0,0.0,0.0,2019,92900,,5,,02
1 02.600.01.414.00 2019,6077.0,compra terrenos,0.0,35000.0,0.0,50000.0,-15000.0,0.0,0.0,0.0,0.0,2019,41400,,6,,02
1 02.601.01.151.10 2019,4573.0,Bidegorri Sorgintxulo-Latsunbe,100000.0,150000.0,0.0,150000.0,0.0,0.0,0.0,0.0,0.0,2019,15110,,6,,02
1 02.601.01.151.10 2015,5968.0,PUENTE ELORRABI,0.0,328826.64,0.0,274588.54,54238.1,274588.54,274588.54,274588.54,274588.54,2015,15110,,6,,02
1 02.601.01.151.20 2019,5845.0,Galarreta-Sistema General,1198530.0,1198530.0,0.0,0.0,1198530.0,0.0,0.0,0.0,0.0,2019,15120,,6,,02
1 02.601.01.151.20 2018,5970.0,Galarreta-Sistema General,0.0,727061.0,0.0,727061.0,0.0,65340.0,0.0,0.0,0.0,2018,15120,,6,,02
1 02.601.01.151.20 2017,5969.0,BUTANO-06-EREMUA,0.0,3805.86,0.0,0.0,3805.86,0.0,0.0,0.0,0.0,2017,15120,,6,,02
1 02.601.02.151.10 2019,5625.0,Recuperacion cantera,25000.0,175000.0,0.0,31363.2,143636.8,31363.2,0.0,0.0,0.0,2019,15110,,6,,02
1 02.601.02.151.10 2018,5974.0,Peatonalizacion Urbieta,0.0,100000.0,0.0,100000.0,0.0,0.0,0.0,0.0,0.0,2018,15110,,6,,02
1 02.601.02.151.10 2017,5973.0,AKARREGI BIRIBILGUNEA LOTURA,0.0,52431.75,0.0,41021.66,11410.09,41021.66,41021.66,41021.66,41021.66,2017,15110,,6,,02
1 02.601.02.151.10 2016,5972.0,LANDARE POLIGONO BIDEA,0.0,406768.62,0.0,396768.62,10000.0,0.0,0.0,0.0,0.0,2016,15110,,6,,02
1 02.601.02.151.10 2015,5971.0,URBANIZAZIO EJEKUZIO DIFERITUAK-2015,0.0,48253.0,0.0,48253.0,0.0,7525.57,7525.57,7525.57,7525.57,2015,15110,,6,,02
1 02.601.02.151.20 2019,5897.0,Galarreta-06-ambito,1577699.0,1577699.0,0.0,0.0,1577699.0,0.0,0.0,0.0,0.0,2019,15120,,6,,02
1 02.601.03.151.10 2019,6071.0,Lizeaga-Magdalena-urbanizazioa,0.0,300000.0,0.0,300000.0,0.0,0.0,0.0,0.0,0.0,2019,15110,,6,,02
1 02.601.03.151.10 2018,6021.0,Urbanizacion.PortuElizatxo,0.0,231221.3,0.0,188128.13,43093.17,50475.83,50475.83,50475.83,50475.83,2018,15110,,6,,02
1 02.601.04.151.10 2019,5813.0,Karabel aparcamiento,60000.0,60000.0,0.0,0.0,60000.0,0.0,0.0,0.0,0.0,2019,15110,,6,,02
1 02.601.04.151.10 2018,6022.0,Otras Urbanizaciones,0.0,20000.0,0.0,20000.0,0.0,0.0,0.0,0.0,0.0,2018,15110,,6,,02
1 02.601.05.151.10 2019,5898.0,Edificio Urumea-Elkano,40000.0,40000.0,0.0,0.0,40000.0,0.0,0.0,0.0,0.0,2019,15110,,6,,02
1 02.601.06.151.10 2019,6072.0,Florida-saneamiento,0.0,40000.0,0.0,0.0,40000.0,0.0,0.0,0.0,0.0,2019,15110,,6,,02
1 02.601.11.151.10 2018,5975.0,AZPIEGITURAK ETA URBANIZAZIOAK,0.0,707194.0,0.0,700134.69,7059.31,700134.69,688487.23,688487.23,688487.23,2018,15110,,6,,02
1 02.601.14.151.10 2017,5977.0,URBIETA KALEA PEATONALIZAZIOA,0.0,20000.0,0.0,8954.0,11046.0,8954.0,3025.0,3025.0,3025.0,2017,15110,,6,,02
1 02.601.15.151.10 2018,5978.0,Rampa Acceso Laiztiaga,0.0,144712.0,0.0,119424.0,25288.0,119424.0,20597.33,20597.33,20597.33,2018,15110,,6,,02
1 02.601.16.151.10 2018,5979.0,Tanque saneamiento-Akarregi,0.0,132000.0,0.0,132000.0,0.0,0.0,0.0,0.0,0.0,2018,15110,,6,,02
1 02.609.01.133.00 2018,5980.0,sistema aparcamiento,0.0,30000.0,0.0,0.0,30000.0,0.0,0.0,0.0,0.0,2018,13300,,6,,02
1 02.609.01.334.00 2018,5981.0,Cierre Atsegindegi,0.0,495925.0,0.0,489164.87,6760.13,489164.87,121375.55,121375.55,121375.55,2018,33400,,6,,02
1 02.609.02.151.10 2015,6025.0,ANTZIOLABERRI,0.0,329951.72,0.0,305890.6,24061.12,305890.6,305890.6,305890.6,305890.6,2015,15110,,6,,02
1 02.609.03.341.00 2018,5982.0,Paneles informativos,0.0,4967.05,0.0,4967.05,0.0,4967.05,4967.05,4967.05,4967.05,2018,34100,,6,,02
1 02.622.01.151.10 2018,5984.0,Viviendas municipales-Antziola,0.0,40000.0,0.0,0.0,40000.0,0.0,0.0,0.0,0.0,2018,15110,,6,,02
1 02.622.01.151.10 2017,5983.0,ITURMENDI ETXEBIZITZA DOTAZIONALAK,0.0,301012.0,0.0,280197.81,20814.19,235421.98,16903.64,16903.64,16903.64,2017,15110,,6,,02
1 02.622.01.333.00 2018,5985.0,Biteri-reforma,0.0,96693.48,0.0,96693.48,0.0,0.0,0.0,0.0,0.0,2018,33300,,6,,02
1 02.622.01.342.00 2016,5986.0,KIROLDEGIA BIRGAITZEA,0.0,12351.84,0.0,12351.84,0.0,12351.84,12351.84,12351.84,12351.84,2016,34200,,6,,02
1 02.622.01.432.00 2017,5987.0,PATAGONIA ERAIKINA,0.0,55160.0,0.0,0.0,55160.0,0.0,0.0,0.0,0.0,2017,43200,,6,,02
1 02.622.02.172.20 2018,5988.0,Planta Compost,0.0,0.0,0.0,0.0,0.0,0.0,0.0,0.0,0.0,2018,17220,,6,,02
1 02.622.02.231.00 2017,5989.0,EDIFICIO PLAZA FEMINISTA,0.0,879635.7,0.0,876453.4,3182.3,873047.22,254740.29,254740.29,254740.29,2017,23100,,6,,02
1 02.622.02.334.00 2018,5990.0,Sandiusterri-reforma,0.0,500000.0,0.0,500000.0,0.0,42785.6,4065.6,4065.6,4065.6,2018,33400,,6,,02
1 02.622.02.933.00 2018,5991.0,Compra local,0.0,150000.0,0.0,150000.0,0.0,0.0,0.0,0.0,0.0,2018,93300,,6,,02
1 02.622.03.334.00 2018,5992.0,Milagrosa reforma,0.0,70000.0,0.0,70000.0,0.0,16338.97,0.0,0.0,0.0,2018,33400,,6,,02
1 02.622.04.334.00 2018,5993.0,AveMaria reforma,0.0,800000.0,0.0,800000.0,0.0,16480.1,16480.1,16480.1,16480.1,2018,33400,,6,,02
1 02.623.01.162.10 2019,5905.0,Camion-organico,100000.0,100000.0,0.0,125000.0,-25000.0,0.0,0.0,0.0,0.0,2019,16210,,6,,02
1 02.623.01.162.10 2017,6031.0,MAKINARIA-BARREDORA,0.0,148262.0,0.0,148262.0,0.0,0.0,0.0,0.0,0.0,2017,16210,,6,,02
1 02.623.01.342.00 2017,5994.0,SISTEMA AIRE.KIROLDEGIA,0.0,254963.0,0.0,254238.06,724.94,254238.06,0.0,0.0,0.0,2017,34200,,6,,02
1 02.623.02.133.00 2019,5611.0,Camaras tráfico,15000.0,15000.0,0.0,8243.0,6757.0,8243.0,8243.0,8243.0,8243.0,2019,13300,,6,,02
1 02.623.02.172.40 2019,5899.0,Plan Energia. Inversiones,75000.0,75000.0,0.0,15889.51,59110.49,15889.51,0.0,0.0,0.0,2019,17240,,6,,02
1 02.623.02.342.02 2019,6076.0,Acometida-Zubipe,0.0,14325.0,0.0,0.0,14325.0,0.0,0.0,0.0,0.0,2019,34202,,6,,02
1 02.624.01.132.00 2019,5630.0,Vehiculo eléctrico.Guardia Municipal,15000.0,15000.0,0.0,15000.0,0.0,0.0,0.0,0.0,0.0,2019,13200,,6,,02
1 02.624.01.132.00 2018,5995.0,Vehiculo.Guardia Municipal,0.0,70000.0,0.0,60815.0,9185.0,60815.0,60815.0,60815.0,60815.0,2018,13200,,6,,02
1 02.624.01.414.00 2019,6080.0,Vehiculo Guarda Rural,0.0,25000.0,0.0,25488.65,-488.65,25488.65,22959.75,22959.75,22959.75,2019,41400,,6,,02
1 02.624.01.920.00 2019,6073.0,Vehículo-,0.0,35000.0,0.0,33128.58,1871.42,33128.58,33128.58,33128.58,33128.58,2019,92000,,6,,02
1 02.625.01.231.00 2019,6074.0,Mobiliario-Emakumearen etxea,0.0,160000.0,0.0,160000.0,0.0,0.0,0.0,0.0,0.0,2019,23100,,6,,02
1 02.625.01.332.10 2019,5900.0,Equipamiento,30000.0,30000.0,0.0,30000.0,0.0,4210.8,4210.8,4210.8,4210.8,2019,33210,,6,,02
1 02.625.01.342.00 2018,5996.0,Adecuacion salas-kiroldegia,0.0,5661.61,0.0,5203.08,458.53,5203.08,5203.08,5203.08,5203.08,2018,34200,,6,,02
1 02.625.01.920.00 2019,4887.0,Mobiliario,6000.0,18000.0,0.0,17859.27,140.73,17859.27,17859.27,17859.27,17859.27,2019,92000,,6,,02
1 02.626.01.333.00 2019,5627.0,Biteri-reforma,200000.0,200000.0,0.0,204051.38,-4051.38,11658.08,0.0,0.0,0.0,2019,33300,,6,,02
1 02.626.01.920.20 2019,4580.0,Equipos informatica,25000.0,25000.0,0.0,29410.67,-4410.67,29410.67,28734.67,28734.67,28734.67,2019,92020,,6,,02
1 02.626.01.920.20 2018,5997.0,Equipos informatica,0.0,8592.27,0.0,8592.27,0.0,8592.27,0.0,0.0,0.0,2018,92020,,6,,02
1 02.628.01.332.10 2019,4581.0,Fondos bibliográficos,44000.0,44000.0,0.0,40218.45,3781.55,40218.45,40218.45,40218.45,40218.45,2019,33210,,6,,02
1 02.629.01.132.00 2018,5998.0,Sistema radio Udaltzaingoa,0.0,9501.41,0.0,1258.4,8243.01,1258.4,1258.4,1258.4,1258.4,2018,13200,,6,,02
1 02.629.01.342.00 2019,5901.0,Otras inversiones Kiroldegia,87500.0,142500.0,0.0,149656.69,-7156.69,56156.69,44373.71,44373.71,44373.71,2019,34200,,6,,02
1 02.629.01.342.01 2019,5902.0,Inversiones-piscina exterior,26500.0,26500.0,0.0,19148.59,7351.41,19148.59,19148.59,19148.59,19148.59,2019,34201,,6,,02
1 02.643.01.151.10 2019,5631.0,Planeamiento-Doc.Tecnica,150000.0,150000.0,0.0,0.0,150000.0,0.0,0.0,0.0,0.0,2019,15110,,6,,02
1 02.643.01.151.10 2018,6000.0,Planeamiento.Vision genero.,0.0,50000.0,0.0,50000.0,0.0,0.0,0.0,0.0,0.0,2018,15110,,6,,02
1 02.643.01.151.10 2017,5999.0,PROIEKTUAK: HIRIGINTZA,0.0,93926.25,0.0,73598.25,20328.0,73598.25,21326.25,21326.25,21326.25,2017,15110,,6,,02
1 02.643.02.151.10 2018,6001.0,Proyecto-pabellon servicios,0.0,63600.0,0.0,0.0,63600.0,0.0,0.0,0.0,0.0,2018,15110,,6,,02
1 02.644.01.920.20 2018,6002.0,APLIKAZIO INFORMATIKOAK,0.0,21552.92,0.0,12608.2,8944.72,12608.2,12608.2,12608.2,12608.2,2018,92020,,6,,02
1 02.644.02.920.20 2018,6003.0,Paneles informativos,0.0,50000.0,0.0,50000.0,0.0,0.0,0.0,0.0,0.0,2018,92020,,6,,02
1 02.823.01.931.00 2019,4588.0,Anticipos personal,10000.0,10000.0,0.0,0.0,10000.0,0.0,0.0,0.0,0.0,2019,93100,,8,,02
1 02.933.01.011.00 2019,4589.0,Amortizacion prestamo,365000.0,365000.0,0.0,363833.35,1166.65,363833.35,363833.35,363833.35,363833.35,2019,01100,,9,,02
1 05.200.02.133.00 2019,4591.0,Adif-terrenos,1050.0,1050.0,0.0,1033.38,16.62,1033.38,1033.38,1033.38,1033.38,2019,13300,,2,,05
1 05.210.01.153.20 2019,4592.0,Mantenimiento,175000.0,175000.0,0.0,102469.89,72530.11,102469.89,96694.86,96694.86,96694.86,2019,15320,,2,,05
1 05.210.01.153.20 2018,6004.0,Mantenimiento,0.0,59910.26,0.0,49855.36,10054.9,49855.36,49855.36,49855.36,49855.36,2018,15320,,2,,05
1 05.210.01.153.70 2019,4593.0,Mantenimiento caminos rurales,15000.0,15000.0,0.0,12369.92,2630.08,12369.92,12019.02,12019.02,12019.02,2019,15370,,2,,05
1 05.210.01.153.70 2018,6005.0,Mantenimiento caminos rurales,0.0,4899.9,0.0,4899.9,0.0,4899.9,0.0,0.0,0.0,2018,15370,,2,,05
1 05.210.01.160.00 2019,4594.0,Mantenimiento sistema saneamiento,60000.0,60000.0,0.0,43227.12,16772.88,43227.12,29228.52,29228.52,29228.52,2019,16000,,2,,05
1 05.210.01.160.00 2018,6006.0,Mantenimiento sistema saneamiento,0.0,26351.03,0.0,24659.17,1691.86,24659.17,24659.17,24659.17,24659.17,2018,16000,,2,,05
1 05.210.01.161.00 2019,4595.0,Mantenimiento sistema aguas,100000.0,100000.0,0.0,50368.58,49631.42,50368.58,40221.06,40221.06,40221.06,2019,16100,,2,,05
1 05.210.01.161.00 2018,6007.0,Mantenimiento sistema aguas,0.0,20760.18,0.0,8107.47,12652.71,8107.47,8107.47,8107.47,8107.47,2018,16100,,2,,05
1 05.210.01.165.00 2019,4596.0,Alumbrado público,80000.0,80000.0,0.0,54358.86,25641.14,54358.86,49328.28,49328.28,49328.28,2019,16500,,2,,05
1 05.210.01.171.00 2019,4597.0,Mantenimiento Parque y jardines,35000.0,35000.0,0.0,15550.67,19449.33,15550.67,15550.67,15550.67,15550.67,2019,17100,,2,,05
1 05.210.01.171.00 2018,6008.0,Mantenimiento Parque y jardines,0.0,2489.62,0.0,1682.55,807.07,1682.55,1682.55,1682.55,1682.55,2018,17100,,2,,05
1 05.211.01.132.00 2019,4599.0,Mantenimiento,1500.0,1500.0,0.0,152.84,1347.16,152.84,152.84,152.84,152.84,2019,13200,,2,,05
1 05.211.01.153.40 2019,4600.0,Mantenimiento,6000.0,6000.0,0.0,3935.84,2064.16,3935.84,3935.84,3935.84,3935.84,2019,15340,,2,,05
1 05.211.01.164.00 2019,4601.0,Mantenimiento cementrio,9000.0,9000.0,0.0,11836.71,-2836.71,11836.71,11836.71,11836.71,11836.71,2019,16400,,2,,05
1 05.211.01.241.00 2019,5632.0,mantenimiento edificio,3000.0,3000.0,0.0,1298.34,1701.66,1298.34,1298.34,1298.34,1298.34,2019,24100,,2,,05
1 05.211.01.311.01 2019,4602.0,Mantenimiento WC,2000.0,2000.0,0.0,1144.46,855.54,1144.46,1144.46,1144.46,1144.46,2019,31101,,2,,05
1 05.211.01.323.10 2019,4603.0,Mantenimiento centros escolares,50000.0,50000.0,0.0,23955.39,26044.61,23955.39,23955.39,23955.39,23955.39,2019,32310,,2,,05
1 05.211.01.323.10 2018,6011.0,Mantenimiento centros escolares,0.0,8874.11,0.0,8874.11,0.0,8874.11,3792.11,3792.11,3792.11,2018,32310,,2,,05
1 05.211.01.323.10 2017,6010.0,MANTEN.ERAIKINAK:IKASTETXEAK,0.0,2178.0,0.0,2178.0,0.0,2178.0,0.0,0.0,0.0,2017,32310,,2,,05
1 05.211.01.323.30 2019,4604.0,Mantenimiento Haur eskola,4000.0,4000.0,0.0,4636.47,-636.47,4636.47,4636.47,4636.47,4636.47,2019,32330,,2,,05
1 05.211.01.326.01 2019,4605.0,Mantenimiento Musika Eskola,2000.0,2000.0,0.0,684.37,1315.63,684.37,684.37,684.37,684.37,2019,32601,,2,,05
1 05.211.01.326.03 2019,4606.0,Mantenimiento,1000.0,1000.0,0.0,399.39,600.61,399.39,399.39,399.39,399.39,2019,32603,,2,,05
1 05.211.01.335.10 2019,5194.0,Mantenimiento Euskaltegia,1000.0,1000.0,0.0,1639.6,-639.6,1639.6,1639.6,1639.6,1639.6,2019,33510,,2,,05
1 05.211.01.920.02 2019,4609.0,Mantenimiento Edificios,130000.0,130000.0,0.0,114838.59,15161.41,114838.59,101455.99,101455.99,101455.99,2019,92002,,2,,05
1 05.211.01.920.02 2018,6012.0,Mantenimiento Edificios,0.0,3472.7,0.0,3394.05,78.65,3394.05,3394.05,3394.05,3394.05,2018,92002,,2,,05
1 05.211.01.929.10 2019,4610.0,Mantenimiento Juzgado,1000.0,1000.0,0.0,0.0,1000.0,0.0,0.0,0.0,0.0,2019,92910,,2,,05
1 05.212.01.133.00 2019,4611.0,Mantenimiento semaforos,3000.0,3000.0,0.0,3474.2,-474.2,3474.2,2929.7,2929.7,2929.7,2019,13300,,2,,05
1 05.212.01.153.40 2019,4613.0,Maquinaria,3000.0,3000.0,0.0,3479.07,-479.07,3479.07,3479.07,3479.07,3479.07,2019,15340,,2,,05
1 05.212.01.241.00 2019,5633.0,maquinaria edificio,1000.0,1000.0,0.0,1550.66,-550.66,1550.66,1550.66,1550.66,1550.66,2019,24100,,2,,05
1 05.212.01.323.10 2019,4614.0,Mantenimiento centros escolares,25000.0,25000.0,0.0,21226.95,3773.05,21226.95,21226.95,21226.95,21226.95,2019,32310,,2,,05
1 05.212.01.323.10 2018,6013.0,Mantenimiento centros escolares,0.0,3141.16,0.0,0.0,3141.16,0.0,0.0,0.0,0.0,2018,32310,,2,,05
1 05.212.01.323.30 2019,4615.0,Mantenimiento Haur eskola,5000.0,5000.0,0.0,3997.21,1002.79,3997.21,3997.21,3997.21,3997.21,2019,32330,,2,,05
1 05.212.01.326.01 2019,4616.0,Mantenimiento Musika Eskola,3000.0,3000.0,0.0,1512.08,1487.92,1512.08,1512.08,1512.08,1512.08,2019,32601,,2,,05
1 05.212.01.326.03 2019,4617.0,Mantenimiento Epa,2000.0,2000.0,0.0,2402.75,-402.75,2402.75,2402.75,2402.75,2402.75,2019,32603,,2,,05
1 05.212.01.333.00 2019,4618.0,Mantenimiento Kultur Etxea,8000.0,8000.0,0.0,9306.13,-1306.13,9306.13,9306.13,9306.13,9306.13,2019,33300,,2,,05
1 05.212.01.335.10 2019,5195.0,Mantenimiento Euskaltegia,1500.0,1500.0,0.0,1872.56,-372.56,1872.56,1872.56,1872.56,1872.56,2019,33510,,2,,05
1 05.212.01.920.02 2019,4621.0,Mantenimiento Edificios,25000.0,25000.0,0.0,32957.96,-7957.96,32957.96,32957.96,32957.96,32957.96,2019,92002,,2,,05
1 05.212.01.929.10 2019,4622.0,Mantenimiento Juzgado,1500.0,1500.0,0.0,1160.18,339.82,1160.18,1160.18,1160.18,1160.18,2019,92910,,2,,05
1 05.213.01.153.40 2019,4623.0,Mant vehiculo,9500.0,9500.0,0.0,13392.6,-3892.6,13392.6,13392.6,13392.6,13392.6,2019,15340,,2,,05
1 05.213.01.161.00 2019,4624.0,vehiculos,3500.0,3500.0,0.0,1456.79,2043.21,1456.79,1456.79,1456.79,1456.79,2019,16100,,2,,05
1 05.213.01.165.00 2019,4625.0,vehiculos,2000.0,2000.0,0.0,1887.22,112.78,1887.22,1887.22,1887.22,1887.22,2019,16500,,2,,05
1 05.213.01.323.10 2019,4626.0,Mantenimiento centros escolares,2000.0,2000.0,0.0,2369.83,-369.83,2369.83,2369.83,2369.83,2369.83,2019,32310,,2,,05
1 05.221.01.132.00 2019,5634.0,electricidad Udaltzaingoa,4500.0,4500.0,0.0,4334.39,165.61,4334.39,4334.39,4334.39,4334.39,2019,13200,,2,,05
1 05.221.01.161.00 2019,4631.0,Energia electrica,33000.0,33000.0,0.0,22158.95,10841.05,22158.95,22158.95,22158.95,22158.95,2019,16100,,2,,05
1 05.221.01.164.00 2019,5659.0,ELEKTRIZITATEA.HILERRIA,1000.0,1000.0,0.0,813.94,186.06,813.94,813.94,813.94,813.94,2019,16400,,2,,05
1 05.221.01.165.00 2019,4632.0,Gasto electricidad,255000.0,255000.0,0.0,227287.35,27712.65,227287.35,227287.35,227287.35,227287.35,2019,16500,,2,,05
1 05.221.01.241.00 2019,5635.0,electricidad Gabriel Zelaia,2000.0,2000.0,0.0,3342.52,-1342.52,3342.52,3342.52,3342.52,3342.52,2019,24100,,2,,05
1 05.221.01.323.10 2019,5197.0,Electricidad,60000.0,60000.0,0.0,47756.28,12243.72,47756.28,47756.28,47756.28,47756.28,2019,32310,,2,,05
1 05.221.01.323.30 2019,5198.0,Electricidad,6600.0,6600.0,0.0,8784.44,-2184.44,8784.44,8784.44,8784.44,8784.44,2019,32330,,2,,05
1 05.221.01.324.10 2019,5199.0,Electricidad,6100.0,6100.0,0.0,6278.0,-178.0,6278.0,6278.0,6278.0,6278.0,2019,32410,,2,,05
1 05.221.01.326.01 2019,5200.0,Electricidad,2700.0,2700.0,0.0,2548.06,151.94,2548.06,2548.06,2548.06,2548.06,2019,32601,,2,,05
1 05.221.01.326.03 2019,5201.0,Electricidad,2700.0,2700.0,0.0,2319.87,380.13,2319.87,2319.87,2319.87,2319.87,2019,32603,,2,,05
1 05.221.01.333.00 2019,5202.0,Electricidad,19465.0,19465.0,0.0,14465.02,4999.98,14465.02,14465.02,14465.02,14465.02,2019,33300,,2,,05
1 05.221.01.335.10 2019,5203.0,Electricidad,1785.0,1785.0,0.0,1587.73,197.27,1587.73,1587.73,1587.73,1587.73,2019,33510,,2,,05
1 05.221.01.342.00 2019,5204.0,Electricidad,125000.0,125000.0,0.0,121286.79,3713.21,121286.79,121286.79,121286.79,121286.79,2019,34200,,2,,05
1 05.221.01.342.01 2019,5205.0,Electricidad,31725.0,31725.0,0.0,32203.76,-478.76,32203.76,32203.76,32203.76,32203.76,2019,34201,,2,,05
1 05.221.01.342.09 2019,5661.0,ELEKTRIZITATEA. BESTE KIROL ERAIKUNTZAK,1800.0,1800.0,0.0,1541.15,258.85,1541.15,1541.15,1541.15,1541.15,2019,34209,,2,,05
1 05.221.01.920.02 2019,4633.0,Electricidad,90000.0,90000.0,0.0,67774.58,22225.42,67774.58,67774.58,67774.58,67774.58,2019,92002,,2,,05
1 05.221.01.929.10 2019,5206.0,Electricidad,3700.0,3700.0,0.0,4177.1,-477.1,4177.1,4177.1,4177.1,4177.1,2019,92910,,2,,05
1 05.221.02.160.00 2019,4634.0,Saneamiento Añarbe,515000.0,515000.0,0.0,543869.38,-28869.38,543869.38,543869.38,543869.38,543869.38,2019,16000,,2,,05
1 05.221.02.161.00 2019,4635.0,Abastecimiento-Añarbe,432000.0,432000.0,0.0,444614.26,-12614.26,444614.26,444614.26,444614.26,444614.26,2019,16100,,2,,05
1 05.221.03.241.00 2019,5636.0,Gas. Gabriel Zelaia,6500.0,6500.0,0.0,6182.99,317.01,6182.99,6182.99,6182.99,6182.99,2019,24100,,2,,05
1 05.221.03.323.10 2019,5208.0,Gas,49500.0,49500.0,0.0,51588.03,-2088.03,51588.03,51588.03,51588.03,51588.03,2019,32310,,2,,05
1 05.221.03.323.30 2019,5209.0,Gas,7500.0,7500.0,0.0,4000.88,3499.12,4000.88,4000.88,4000.88,4000.88,2019,32330,,2,,05
1 05.221.03.324.10 2019,5210.0,Gas,500.0,500.0,0.0,2097.93,-1597.93,2097.93,2097.93,2097.93,2097.93,2019,32410,,2,,05
1 05.221.03.326.01 2019,5211.0,Gas,1500.0,1500.0,0.0,1409.59,90.41,1409.59,1409.59,1409.59,1409.59,2019,32601,,2,,05
1 05.221.03.326.03 2019,5212.0,Gas,2000.0,2000.0,0.0,7369.18,-5369.18,7369.18,7369.18,7369.18,7369.18,2019,32603,,2,,05
1 05.221.03.333.00 2019,5213.0,Gas,12000.0,12000.0,0.0,10688.84,1311.16,10688.84,10688.84,10688.84,10688.84,2019,33300,,2,,05
1 05.221.03.335.10 2019,5214.0,Gas,2400.0,2400.0,0.0,2182.32,217.68,2182.32,2182.32,2182.32,2182.32,2019,33510,,2,,05
1 05.221.03.342.00 2019,5215.0,Gas,15000.0,15000.0,0.0,2201.88,12798.12,2201.88,2201.88,2201.88,2201.88,2019,34200,,2,,05
1 05.221.03.342.09 2019,5660.0,GASA. BESTE KIROL ERAIKUNTZAK,900.0,900.0,0.0,2390.96,-1490.96,2390.96,2390.96,2390.96,2390.96,2019,34209,,2,,05
1 05.221.03.920.02 2019,4636.0,Gas,31000.0,31000.0,0.0,33160.6,-2160.6,33160.6,33160.6,33160.6,33160.6,2019,92002,,2,,05
1 05.221.04.153.40 2019,4637.0,Combustible,9500.0,9500.0,0.0,8797.25,702.75,8797.25,8797.25,8797.25,8797.25,2019,15340,,2,,05
1 05.221.04.161.00 2019,4638.0,Combustible,3000.0,3000.0,0.0,1608.38,1391.62,1608.38,1608.38,1608.38,1608.38,2019,16100,,2,,05
1 05.221.04.165.00 2019,4639.0,combustible,2000.0,2000.0,0.0,1070.25,929.75,1070.25,1070.25,1070.25,1070.25,2019,16500,,2,,05
1 05.221.04.323.10 2019,4640.0,Gas,900.0,900.0,0.0,1078.97,-178.97,1078.97,1078.97,1078.97,1078.97,2019,32310,,2,,05
1 05.221.04.342.00 2019,5218.0,Gas,30000.0,30000.0,0.0,22990.0,7010.0,22990.0,22990.0,22990.0,22990.0,2019,34200,,2,,05
1 05.221.09.323.10 2019,5220.0,Productos,5500.0,5500.0,0.0,4556.22,943.78,4556.22,4556.22,4556.22,4556.22,2019,32310,,2,,05
1 05.221.09.323.30 2019,5221.0,Productos,500.0,500.0,0.0,752.8,-252.8,752.8,752.8,752.8,752.8,2019,32330,,2,,05
1 05.221.09.324.10 2019,5222.0,Productos,500.0,500.0,0.0,0.0,500.0,0.0,0.0,0.0,0.0,2019,32410,,2,,05
1 05.221.09.326.01 2019,5223.0,Productos,500.0,500.0,0.0,491.43,8.57,491.43,491.43,491.43,491.43,2019,32601,,2,,05
1 05.221.09.326.03 2019,5224.0,Productos,250.0,250.0,0.0,0.0,250.0,0.0,0.0,0.0,0.0,2019,32603,,2,,05
1 05.221.09.333.00 2019,5225.0,Productos,1250.0,1250.0,0.0,983.68,266.32,983.68,983.68,983.68,983.68,2019,33300,,2,,05
1 05.221.09.335.10 2019,5226.0,Productos,500.0,500.0,0.0,641.27,-141.27,641.27,641.27,641.27,641.27,2019,33510,,2,,05
1 05.221.09.342.00 2019,5227.0,Productos,3000.0,3000.0,0.0,2322.9,677.1,2322.9,2322.9,2322.9,2322.9,2019,34200,,2,,05
1 05.221.09.342.01 2019,5228.0,Productos,500.0,500.0,0.0,0.0,500.0,0.0,0.0,0.0,0.0,2019,34201,,2,,05
1 05.221.09.920.02 2019,4643.0,Productos,3500.0,3500.0,0.0,1953.34,1546.66,1953.34,1953.34,1953.34,1953.34,2019,92002,,2,,05
1 05.221.11.153.40 2019,4645.0,Herramientas,4000.0,4000.0,0.0,2939.92,1060.08,2939.92,2939.92,2939.92,2939.92,2019,15340,,2,,05
1 05.221.11.153.40 2018,6014.0,Herramientas,0.0,1316.52,0.0,1316.52,0.0,1316.52,1316.52,1316.52,1316.52,2018,15340,,2,,05
1 05.221.11.161.00 2019,4646.0,Herramientas,2000.0,2000.0,0.0,440.0,1560.0,440.0,440.0,440.0,440.0,2019,16100,,2,,05
1 05.221.11.165.00 2019,4648.0,Herramientas,3000.0,3000.0,0.0,20.59,2979.41,20.59,20.59,20.59,20.59,2019,16500,,2,,05
1 05.221.99.161.00 2019,4649.0,Otros gastos,1000.0,1000.0,0.0,456.72,543.28,456.72,456.72,456.72,456.72,2019,16100,,2,,05
1 05.226.01.153.40 2019,4650.0,Canon ocupacion,1200.0,1200.0,0.0,1070.9,129.1,1070.9,1070.9,1070.9,1070.9,2019,15340,,2,,05
1 05.226.01.160.00 2019,4651.0,Saneamiento Canon,32000.0,32000.0,0.0,30578.07,1421.93,30578.07,30578.07,30578.07,30578.07,2019,16000,,2,,05
1 05.226.99.133.00 2019,5914.0,Entrada casco,0.0,5000.0,0.0,6190.08,-1190.08,6190.08,6190.08,6190.08,6190.08,2019,13300,,2,,05
1 05.226.99.153.40 2019,4654.0,Otros gastos,3000.0,3000.0,0.0,1993.01,1006.99,1993.01,1993.01,1993.01,1993.01,2019,15340,,2,,05
1 05.226.99.161.00 2019,4655.0,Canon ocupacion,6000.0,6000.0,0.0,7114.55,-1114.55,7114.55,7114.55,7114.55,7114.55,2019,16100,,2,,05
1 05.226.99.241.00 2019,4657.0,Otros gastos,1000.0,1000.0,0.0,699.73,300.27,699.73,699.73,699.73,699.73,2019,24100,,2,,05
1 05.226.99.929.10 2019,4659.0,Otros gastos,400.0,400.0,0.0,300.0,100.0,300.0,300.0,300.0,300.0,2019,92910,,2,,05
1 05.227.01.132.00 2019,5638.0,Limpieza.,12460.0,12460.0,0.0,12457.92,2.08,12457.92,12457.92,12457.92,12457.92,2019,13200,,2,,05
1 05.227.01.163.00 2019,4660.0,Limpieza viaria,1165000.0,1165000.0,0.0,1057648.74,107351.26,1057648.74,1057648.74,1057648.74,1057648.74,2019,16300,,2,,05
1 05.227.01.241.00 2019,5639.0,Limpieza.,8350.0,8350.0,0.0,8346.84,3.16,8346.84,8346.84,8346.84,8346.84,2019,24100,,2,,05
1 05.227.01.323.10 2019,5230.0,Limpieza,440358.0,440358.0,0.0,442525.63,-2167.63,442525.63,442525.63,442525.63,442525.63,2019,32310,,2,,05
1 05.227.01.323.30 2019,5231.0,Limpieza,91093.0,91093.0,0.0,91092.84,0.16,91092.84,91092.84,91092.84,91092.84,2019,32330,,2,,05
1 05.227.01.324.10 2019,5232.0,Limpieza,10203.0,10203.0,0.0,10202.16,0.84,10202.16,10202.16,10202.16,10202.16,2019,32410,,2,,05
1 05.227.01.326.01 2019,5233.0,Limpieza,1000.0,1000.0,0.0,304.24,695.76,304.24,304.24,304.24,304.24,2019,32601,,2,,05
1 05.227.01.326.03 2019,5234.0,Limpieza,15463.0,15463.0,0.0,15462.36,0.64,15462.36,15462.36,15462.36,15462.36,2019,32603,,2,,05
1 05.227.01.333.00 2019,5235.0,Limpieza,150074.0,150074.0,0.0,150073.8,0.2,150073.8,150073.8,150073.8,150073.8,2019,33300,,2,,05
1 05.227.01.335.10 2019,5236.0,Limpieza,11322.0,11322.0,0.0,11398.06,-76.06,11398.06,11398.06,11398.06,11398.06,2019,33510,,2,,05
1 05.227.01.342.00 2019,5237.0,Limpieza,272000.0,272000.0,0.0,265937.88,6062.12,265937.88,262617.91,262617.91,260966.31,2019,34200,,2,,05
1 05.227.01.342.01 2019,5238.0,Limpieza,23100.0,23100.0,0.0,23032.8,67.2,23032.8,23032.8,23032.8,23032.8,2019,34201,,2,,05
1 05.227.01.920.02 2019,4661.0,Limpieza,156000.0,156000.0,0.0,137136.41,18863.59,137136.41,137136.41,137136.41,137136.41,2019,92002,,2,,05
1 05.227.97.134.00 2019,4662.0,vehiculos,10500.0,28000.0,0.0,23655.53,4344.47,23655.53,23655.53,23655.53,23655.53,2019,13400,,2,,05
1 05.227.98.133.00 2019,4663.0,Entrada casco,18000.0,18000.0,0.0,17283.03,716.97,17283.03,17283.03,17283.03,17283.03,2019,13300,,2,,05
1 05.227.98.153.40 2019,4664.0,Cartografia,21200.0,29398.0,0.0,32307.6,-2909.6,32307.6,17848.1,17848.1,17848.1,2019,15340,,2,,05
1 05.227.98.311.01 2019,4890.0,Servicio WC,20000.0,20000.0,0.0,19515.49,484.51,19515.49,19515.49,19515.49,19515.49,2019,31101,,2,,05
1 05.227.99.133.00 2019,4666.0,Contrato semaforos,9500.0,9500.0,0.0,9276.0,224.0,9276.0,9276.0,9276.0,9276.0,2019,13300,,2,,05
1 05.227.99.171.00 2019,4667.0,Servicio parque y jardines,477100.0,477100.0,0.0,477045.0,55.0,477045.0,477045.0,477045.0,477045.0,2019,17100,,2,,05
1 05.227.99.311.00 2019,4668.0,Desratizacion,8000.0,8000.0,0.0,6680.72,1319.28,6680.72,6680.72,6680.72,6680.72,2019,31100,,2,,05
1 05.227.99.311.01 2019,4669.0,Limpieza WC,28800.0,28800.0,0.0,29695.44,-895.44,29695.44,29695.44,29695.44,29695.44,2019,31101,,2,,05
1 05.227.99.311.01 2018,6016.0,Limpieza WC,0.0,0.0,0.0,0.0,0.0,0.0,0.0,0.0,0.0,2018,31101,,2,,05
1 05.422.01.441.10 2019,4672.0,Aportacion. Autoridad Transporte.Cuota,5000.0,17500.0,0.0,17093.0,407.0,17093.0,4613.0,4613.0,4613.0,2019,44110,,4,,05
1 05.471.01.441.10 2019,4674.0,Concesion servicio Hiribusa,77896.0,77896.0,0.0,77896.0,0.0,77896.0,77896.0,77896.0,77896.0,2019,44110,,4,,05
1 05.601.01.134.00 2019,4676.0,Obras accesibilidad,75000.0,75000.0,0.0,10815.59,64184.41,10815.59,10815.59,10815.59,10815.59,2019,13400,,6,,05
1 05.601.01.134.00 2018,6018.0,Obras accesibilidad,0.0,6231.27,0.0,6231.27,0.0,6231.27,6231.27,6231.27,6231.27,2018,13400,,6,,05
1 05.601.01.153.70 2019,4891.0,Inversiones caminos rurales,100000.0,100000.0,0.0,80482.99,19517.01,80482.99,3630.0,3630.0,3630.0,2019,15370,,6,,05
1 05.601.01.153.70 2018,6019.0,Inversiones caminos rurales,0.0,232858.11,0.0,232858.11,0.0,232858.11,232858.11,232858.11,232858.11,2018,15370,,6,,05
1 05.601.02.153.30 2018,6020.0,Urbanizacion. MañeFlaquer,0.0,99425.25,0.0,99425.25,0.0,0.0,0.0,0.0,0.0,2018,15330,,6,,05
1 05.601.05.153.30 2018,6023.0,Urbanizacion. Sagastialde,0.0,86901.6,0.0,72571.19,14330.41,72571.19,72571.19,72571.19,72571.19,2018,15330,,6,,05
1 05.601.13.153.20 2018,5976.0,AZPIEGITURAK ETA URBANIZAZIOAK,0.0,235000.0,0.0,235000.0,0.0,235000.0,235000.0,235000.0,235000.0,2018,15320,,6,,05
1 05.609.01.171.00 2018,6024.0,Mejora jardineria,0.0,40771.04,0.0,32467.42,8303.62,32467.42,24256.99,24256.99,24256.99,2018,17100,,6,,05
1 05.609.02.153.30 2019,5904.0,Parque mascotas,20000.0,20000.0,0.0,6602.37,13397.63,6602.37,0.0,0.0,0.0,2019,15330,,6,,05
1 05.609.03.153.30 2019,5242.0,Mobiliario urbano,10000.0,10000.0,0.0,9680.0,320.0,9680.0,9680.0,9680.0,9680.0,2019,15330,,6,,05
1 05.609.03.153.30 2018,6026.0,Mobiliario urbano,0.0,39738.95,0.0,20721.25,19017.7,20721.25,20721.25,20721.25,20721.25,2018,15330,,6,,05
1 05.609.04.153.30 2018,6027.0,Markesinak,0.0,60000.0,0.0,0.0,60000.0,0.0,0.0,0.0,0.0,2018,15330,,6,,05
1 05.622.01.323.10 2019,4892.0,Inverciones centros escolares,150000.0,150000.0,0.0,93998.59,56001.41,93998.59,72961.53,72961.53,72961.53,2019,32310,,6,,05
1 05.622.01.323.10 2018,6029.0,Inverciones centros escolares,0.0,24190.51,0.0,24190.51,0.0,24190.51,24190.51,24190.51,24190.51,2018,32310,,6,,05
1 05.622.01.323.10 2017,6028.0,X,0.0,3993.0,0.0,1028.5,2964.5,1028.5,1028.5,1028.5,1028.5,2017,32310,,6,,05
1 05.622.01.920.02 2018,6030.0,Edificios municipales,0.0,184154.11,0.0,184154.11,0.0,0.0,0.0,0.0,0.0,2018,92002,,6,,05
1 05.623.01.160.00 2019,5245.0,Saneamiento inversiones,70000.0,70000.0,0.0,3000.0,67000.0,3000.0,0.0,0.0,0.0,2019,16000,,6,,05
1 05.623.01.160.00 2018,6066.0,Saneamiento inversiones,0.0,44100.0,0.0,0.0,44100.0,0.0,0.0,0.0,0.0,2018,16000,,6,,05
1 05.623.01.164.00 2018,6032.0,Mejoras cementerio,0.0,79000.0,0.0,51508.76,27491.24,51508.76,34084.76,34084.76,34084.76,2018,16400,,6,,05
1 05.623.01.241.00 2018,6033.0,Gabriel Zelaia-Instalaciones,0.0,28000.0,0.0,26208.64,1791.36,26208.64,16768.09,16768.09,16768.09,2018,24100,,6,,05
1 05.623.02.161.00 2019,4683.0,Inversiones-sistema aguas,50000.0,50000.0,0.0,329.12,49670.88,329.12,329.12,329.12,329.12,2019,16100,,6,,05
1 05.623.02.161.00 2018,6067.0,Inversiones-sistema aguas,0.0,30000.0,0.0,14711.4,15288.6,14711.4,0.0,0.0,0.0,2018,16100,,6,,05
1 05.623.02.326.01 2019,5906.0,Aire acondicionado,40200.0,40200.0,0.0,40200.0,0.0,0.0,0.0,0.0,0.0,2019,32601,,6,,05
1 05.624.01.153.40 2018,6035.0,Camion Brigada Obras,0.0,90000.0,0.0,90000.0,0.0,0.0,0.0,0.0,0.0,2018,15340,,6,,05
1 05.624.01.153.40 2017,6034.0,ZERBITZUETAKO IBILGAILUA,0.0,35000.0,0.0,0.0,35000.0,0.0,0.0,0.0,0.0,2017,15340,,6,,05
1 05.624.02.153.40 2017,6036.0,ZERBITZUETAKO KAMIOIA-GRUA,0.0,72600.0,0.0,0.0,72600.0,0.0,0.0,0.0,0.0,2017,15340,,6,,05
1 09.226.98.172.20 2019,5907.0,HE-3-Erreka Eguna,5000.0,5000.0,0.0,2976.6,2023.4,2976.6,2976.6,2976.6,2976.6,2019,17220,,2,,09
1 09.226.99.135.00 2017,6037.0,HERABAKI-11-SUTEEN PREBENTZIOA,0.0,9400.0,0.0,0.0,9400.0,0.0,0.0,0.0,0.0,2017,13500,,2,,09
1 09.226.99.231.03 2017,6038.0,HERABAKI-6-HAURRENTZAT PARKEA,0.0,5000.0,0.0,5000.0,0.0,5000.0,5000.0,5000.0,5000.0,2017,23103,,2,,09
1 09.227.07.172.20 2019,5908.0,HE-7-Contaminación,40000.0,40000.0,0.0,40000.0,0.0,0.0,0.0,0.0,0.0,2019,17220,,2,,09
1 09.227.98.231.03 2017,6039.0,HERABAKI-5-KULTUR AISIALDI EKINTZAK,0.0,21903.7,0.0,8345.06,13558.64,8345.06,8028.06,8028.06,8028.06,2017,23103,,2,,09
1 09.227.99.231.03 2017,6040.0,HERABAKI-27-KIROL IKASTAROAK,0.0,7194.43,0.0,3996.0,3198.43,3996.0,3996.0,3996.0,3996.0,2017,23103,,2,,09
1 09.430.01.231.90 2019,6075.0,HE-8-Ayudas sociales,27000.0,27000.0,0.0,27000.0,0.0,27000.0,27000.0,27000.0,27000.0,2019,23190,,4,,09
1 09.601.01.151.10 2019,5910.0,HE-4-Bizikleta pista,120000.0,120000.0,0.0,120000.0,0.0,0.0,0.0,0.0,0.0,2019,15110,,6,,09
1 09.601.01.342.09 2018,6041.0,he-6-entorno pista atl,0.0,17000.0,0.0,17000.0,0.0,0.0,0.0,0.0,0.0,2018,34209,,6,,09
1 09.601.02.151.10 2019,5911.0,HE-5-Aparcamiento Karabel,100000.0,100000.0,0.0,100000.0,0.0,0.0,0.0,0.0,0.0,2019,15110,,6,,09
1 09.601.02.153.30 2019,5912.0,HE-6-Seguridad peatonal,115000.0,115000.0,0.0,115000.0,0.0,0.0,0.0,0.0,0.0,2019,15330,,6,,09
1 09.609.01.133.00 2018,6042.0,he-10-aparcamient,0.0,700.0,0.0,0.0,700.0,0.0,0.0,0.0,0.0,2018,13300,,6,,09
1 09.609.01.153.30 2019,5254.0,HE-1--Nuevos WC,65000.0,65000.0,0.0,65000.0,0.0,0.0,0.0,0.0,0.0,2019,15330,,6,,09
1 09.609.01.153.30 2018,6044.0,he-4-columpios,0.0,16418.0,0.0,16417.28,0.72,16417.28,16417.28,16417.28,16417.28,2018,15330,,6,,09
1 09.609.01.153.30 2017,6043.0,HERABAKI-28-LEOKA LABADEROA,0.0,9000.0,0.0,0.0,9000.0,0.0,0.0,0.0,0.0,2017,15330,,6,,09
1 09.609.01.342.02 2017,6045.0,HERABAKI-34-ZUBIPE LANAK,0.0,25000.0,0.0,24987.95,12.05,24987.95,24987.95,24987.95,24987.95,2017,34202,,6,,09
1 09.609.02.153.30 2018,6047.0,he-9-bancos,0.0,15000.0,0.0,14955.36,44.64,14955.36,14955.36,14955.36,14955.36,2018,15330,,6,,09
1 09.609.02.153.30 2017,6046.0,HERABAKI-7-Parques infantiles,0.0,10000.0,0.0,0.0,10000.0,0.0,0.0,0.0,0.0,2017,15330,,6,,09
1 09.609.03.153.30 2017,6048.0,HERABAKI-21-MARKESINA ZIKUÑAGA,0.0,10000.0,0.0,7901.3,2098.7,7901.3,7901.3,7901.3,7901.3,2017,15330,,6,,09
1 09.609.03.341.00 2017,6049.0,HERABAKI-26-KIROL MAKINAK PARKEAN,0.0,22000.0,0.0,9765.91,12234.09,9765.91,9765.91,9765.91,9765.91,2017,34100,,6,,09
1 09.609.04.153.30 2017,6050.0,HERABAKI-3-PARKEAK,0.0,93582.0,0.0,93582.0,0.0,0.0,0.0,0.0,0.0,2017,15330,,6,,09
1 09.609.98.153.30 2017,6051.0,HERABAKI-12-Karabel,0.0,120000.0,0.0,120000.0,0.0,87166.75,47916.87,47916.87,47916.87,2017,15330,,6,,09
1 09.609.99.161.00 2017,6052.0,HERABAKI-13-ITURRIAK,0.0,16922.0,0.0,1415.75,15506.25,1415.75,1415.75,1415.75,1415.75,2017,16100,,6,,09
1 09.609.99.171.00 2017,6053.0,HERABAKI-19-Plantaciones,0.0,9000.0,0.0,0.0,9000.0,0.0,0.0,0.0,0.0,2017,17100,,6,,09
1 09.622.01.323.10 2017,6054.0,HERABAKI-32-zikuñaga ikastetxea,0.0,7200.0,0.0,7200.0,0.0,0.0,0.0,0.0,0.0,2017,32310,,6,,09
1 09.622.02.342.09 2018,6055.0,HE1-Pista atletismo,0.0,165000.0,0.0,126170.0,38830.0,126170.0,2750.0,2750.0,2750.0,2018,34209,,6,,09
1 09.622.02.920.02 2018,6056.0,he-8-ahorro energia,0.0,144996.65,0.0,144488.45,508.2,21241.95,19142.2,19142.2,19142.2,2018,92002,,6,,09
1 09.623.02.165.00 2019,5913.0,HE-2-Mejoras alumbrado público,28000.0,28000.0,0.0,28000.0,0.0,0.0,0.0,0.0,0.0,2019,16500,,6,,09
1 09.623.02.342.03 2016,6057.0,HERABAKI-17-Mejoras Landare,0.0,180.0,0.0,0.0,180.0,0.0,0.0,0.0,0.0,2016,34203,,6,,09
1 09.623.03.165.00 2018,6058.0,he-2-camino Ergobia IbaiOndo,0.0,15000.0,0.0,15000.0,0.0,0.0,0.0,0.0,0.0,2018,16500,,6,,09
1 09.623.04.165.00 2018,6059.0,he-3-alumbrado,0.0,100000.0,0.0,100000.0,0.0,26157.22,26157.22,26157.22,26157.22,2018,16500,,6,,09
1 09.623.98.165.00 2017,6060.0,HERABAKI-10-PROGRAMADOREA,0.0,3000.0,0.0,0.0,3000.0,0.0,0.0,0.0,0.0,2017,16500,,6,,09
1 09.625.01.153.30 2017,6061.0,HERABAKI-11-Karabel Pingpong,0.0,1600.0,0.0,0.0,1600.0,0.0,0.0,0.0,0.0,2017,15330,,6,,09
1 09.643.03.151.10 2018,6062.0,he-7-Proyecto cantera,0.0,21689.25,0.0,21689.25,0.0,21689.25,17303.0,17303.0,17303.0,2018,15110,,6,,09
1 10.226.02.912.00 2019,4444.0,Gastos protocolo,8000.0,8000.0,0.0,5343.63,2656.37,5343.63,5343.63,5343.63,5343.63,2019,91200,,2,,10
1 10.226.03.912.00 2019,4449.0,Publicidad,23000.0,23000.0,0.0,25400.51,-2400.51,25400.51,25400.51,25400.51,25400.51,2019,91200,,2,,10
1 10.226.99.912.00 2019,4503.0,Otros gastos,5000.0,5000.0,0.0,2721.03,2278.97,2721.03,2721.03,2721.03,2721.03,2019,91200,,2,,10
1 10.227.07.912.00 2019,4519.0,Estudios asesoria,15000.0,15000.0,0.0,6675.8,8324.2,6675.8,6000.8,6000.8,6000.8,2019,91200,,2,,10
1 10.227.07.912.00 2018,5943.0,Estudios asesoria,0.0,5033.6,0.0,0.0,5033.6,0.0,0.0,0.0,0.0,2018,91200,,2,,10
1 10.227.97.912.00 2019,5621.0,Servicio Comunicación,36000.0,36000.0,0.0,23796.64,12203.36,23796.64,23796.64,23796.64,23796.64,2019,91200,,2,,10
1 10.227.99.912.00 2019,4532.0,Programa Bizikidetza,42150.0,42150.0,0.0,26666.89,15483.11,26666.89,18196.89,18196.89,18196.89,2019,91200,,2,,10
1 10.227.99.912.00 2018,5949.0,Programa Bizikidetza,0.0,7865.0,0.0,7865.0,0.0,7865.0,7865.0,7865.0,7865.0,2018,91200,,2,,10
1 10.230.01.912.00 2019,4535.0,Dietas,4000.0,4000.0,0.0,1262.67,2737.33,1262.67,1262.67,1262.67,1262.67,2019,91200,,2,,10
1 10.481.01.912.00 2019,4560.0,Subv. Directas,17000.0,17000.0,0.0,15000.0,2000.0,15000.0,10200.0,10200.0,10200.0,2019,91200,,4,,10
1 10.481.01.912.00 2018,5960.0,Subv. Directas,0.0,7800.0,0.0,4800.0,3000.0,4800.0,4800.0,4800.0,4800.0,2018,91200,,4,,10
1 10.481.02.912.00 2019,4567.0,Grupos politicos,81200.0,81200.0,0.0,76008.26,5191.74,76008.26,76008.26,76008.26,76008.26,2019,91200,,4,,10
